departure_city_name,departure_airport_code,arrival_city_name,arrival_airport_code,distance_km,flight_duration_minutes,total_travel_time_mins
malaga,AGP,barcelona,BCN,766,95,245.23
malaga,AGP,amsterdam,AMS,1883,185,333.88
malaga,AGP,madrid,MAD,431,75,228.33
malaga,AGP,brussels,BRU,1734,175,323.04
malaga,AGP,stockholm,ARN,3018,255,441.59
malaga,AGP,copenhagen,CPH,2473,220,362.71
malaga,AGP,paris,ORY,1450,155,308.31
malaga,AGP,rome,FCO,1549,155,320.12
malaga,AGP,paris,CDG,1484,158,323.81
malaga,AGP,frankfurt,FRA,1818,180,327.39
malaga,AGP,helsinki,HEL,3356,275,431.54
malaga,AGP,milan,MXP,1485,150,343.76
malaga,AGP,tilburg,EIN,1819,175,342.4
malaga,AGP,valencia,VLC,470,70,214.89
malaga,AGP,vienna,VIE,2137,190,347.77
malaga,AGP,dusseldorf,DUS,1852,175,314.61
malaga,AGP,lisbon,LIS,470,80,219.86
malaga,AGP,berlin,BER,2242,210,369.34
malaga,AGP,gothenburg,GOT,2641,230,391.85
malaga,AGP,munich,MUC,1856,175,350.04
malaga,AGP,prague,PRG,2118,195,343.73
malaga,AGP,rotterdam,RTM,1837,170,308.67
malaga,AGP,cologne,CGN,1829,180,332.16
malaga,AGP,hamburg,HAM,2192,205,350.45
malaga,AGP,brussels,CRL,1690,165,362.39
malaga,AGP,milan,BGY,1549,155,354.88
malaga,AGP,marseille,MRS,1117,120,282.03
malaga,AGP,dusseldorf,NRN,1859,175,396.68
malaga,AGP,budapest,BUD,2286,205,362.57
malaga,AGP,luxembourg,LUX,1678,160,300.87
malaga,AGP,lyon,LYS,1284,135,295.58
malaga,AGP,athens,ATH,2515,205,366.68
malaga,AGP,sofia,SOF,2472,215,357.41
malaga,AGP,antwerp,ANR,1762,200,338.99
malaga,AGP,bordeaux,BOD,960,115,261.4
malaga,AGP,krakow,KRK,2448,220,367.41
malaga,AGP,bucharest,OTP,2712,240,395.22
malaga,AGP,riga,RIX,3085,265,409.24
malaga,AGP,stuttgart,STR,1737,180,326.43
malaga,AGP,warsaw,WAW,2635,230,372.46
malaga,AGP,dortmund,DTM,1906,180,327.22
malaga,AGP,hannover,HAJ,2076,200,347.48
malaga,AGP,paris,BVA,1517,150,385.81
malaga,AGP,zagreb,ZAG,1987,185,333.4
malaga,AGP,bucharest,BBU,2711,240,382.8
malaga,AGP,naples,NAP,1693,160,302.13
malaga,AGP,tallinn,TLL,3287,270,407.56
malaga,AGP,nuremberg,NUE,1898,175,313.59
malaga,AGP,toulouse,TLS,919,110,251.31
malaga,AGP,vilnius,VNO,3020,255,394.24
malaga,AGP,bremen,BRE,2093,193,329.27
malaga,AGP,stockholm,NYO,2907,245,510.75
malaga,AGP,poznan,POZ,2416,230,372.58
malaga,AGP,turin,TRN,1389,150,301.0
malaga,AGP,stockholm,VST,2964,250,511.23
amsterdam,AMS,copenhagen,CPH,635,80,227.83
amsterdam,AMS,barcelona,BCN,1240,135,290.36
amsterdam,AMS,frankfurt,FRA,366,70,222.51
amsterdam,AMS,paris,CDG,399,80,250.93
amsterdam,AMS,munich,MUC,665,85,265.17
amsterdam,AMS,lisbon,LIS,1848,185,329.99
amsterdam,AMS,madrid,MAD,1459,160,318.45
amsterdam,AMS,berlin,BER,595,80,244.46
amsterdam,AMS,stockholm,ARN,1155,120,311.71
amsterdam,AMS,vienna,VIE,960,110,272.89
amsterdam,AMS,malaga,AGP,1883,185,333.88
amsterdam,AMS,warsaw,WAW,1105,115,262.59
amsterdam,AMS,prague,PRG,707,90,243.85
amsterdam,AMS,milan,MXP,797,105,303.88
amsterdam,AMS,rome,FCO,1298,135,305.25
amsterdam,AMS,milan,LIN,830,100,247.48
amsterdam,AMS,athens,ATH,2184,195,361.81
amsterdam,AMS,valencia,VLC,1480,145,295.02
amsterdam,AMS,budapest,BUD,1171,115,277.7
amsterdam,AMS,gothenburg,GOT,765,90,256.98
amsterdam,AMS,hamburg,HAM,381,65,215.57
amsterdam,AMS,bucharest,OTP,1786,165,325.35
amsterdam,AMS,dusseldorf,DUS,179,50,194.74
amsterdam,AMS,helsinki,HEL,1525,140,301.66
amsterdam,AMS,stuttgart,STR,510,70,221.55
amsterdam,AMS,krakow,KRK,1077,110,262.54
amsterdam,AMS,brussels,BRU,158,45,198.17
amsterdam,AMS,lyon,LYS,732,95,260.71
amsterdam,AMS,nuremberg,NUE,543,75,218.72
amsterdam,AMS,toulouse,TLS,997,110,256.44
amsterdam,AMS,hannover,HAJ,336,55,207.6
amsterdam,AMS,bremen,BRE,284,55,196.39
amsterdam,AMS,luxembourg,LUX,314,55,200.99
amsterdam,AMS,zagreb,ZAG,1101,110,263.52
amsterdam,AMS,marseille,MRS,986,125,292.16
amsterdam,AMS,bordeaux,BOD,923,100,251.53
amsterdam,AMS,naples,NAP,1461,145,292.26
amsterdam,AMS,riga,RIX,1337,135,284.36
amsterdam,AMS,genoa,GOA,928,105,251.79
amsterdam,AMS,turin,TRN,819,100,256.12
amsterdam,AMS,sevilla,SVQ,1851,175,325.15
amsterdam,AMS,poznan,POZ,821,100,247.71
amsterdam,AMS,sofia,SOF,1757,165,312.53
amsterdam,AMS,tallinn,TLL,1474,140,282.69
amsterdam,AMS,vilnius,VNO,1381,130,274.36
amsterdam,AMS,ljubljana,LJU,975,105,272.54
amsterdam,AMS,milan,BGY,821,110,315.0
antwerp,ANR,malaga,AGP,1762,180,318.99
stockholm,ARN,copenhagen,CPH,547,70,255.54
stockholm,ARN,helsinki,HEL,399,60,259.37
stockholm,ARN,amsterdam,AMS,1155,125,316.71
stockholm,ARN,tallinn,TLL,389,60,240.39
stockholm,ARN,gothenburg,GOT,394,60,264.68
stockholm,ARN,paris,CDG,1542,155,363.64
stockholm,ARN,munich,MUC,1318,135,352.87
stockholm,ARN,malaga,AGP,3018,265,451.59
stockholm,ARN,frankfurt,FRA,1223,135,325.22
stockholm,ARN,riga,RIX,466,65,252.07
stockholm,ARN,vienna,VIE,1286,135,335.6
stockholm,ARN,berlin,BER,856,95,297.17
stockholm,ARN,brussels,BRU,1291,135,325.87
stockholm,ARN,vilnius,VNO,712,85,267.07
stockholm,ARN,warsaw,WAW,853,100,285.3
stockholm,ARN,barcelona,BCN,2316,215,408.07
stockholm,ARN,dusseldorf,DUS,1166,120,302.44
stockholm,ARN,rome,FCO,2024,190,397.96
stockholm,ARN,hamburg,HAM,826,95,283.28
stockholm,ARN,prague,PRG,1087,115,306.56
stockholm,ARN,athens,ATH,2452,215,419.52
stockholm,ARN,madrid,MAD,2603,245,441.16
stockholm,ARN,budapest,BUD,1362,140,340.41
stockholm,ARN,krakow,KRK,1072,120,310.25
stockholm,ARN,lisbon,LIS,3003,275,457.7
stockholm,ARN,milan,BGY,1649,165,407.71
stockholm,ARN,milan,LIN,1681,160,345.19
stockholm,ARN,milan,MXP,1676,170,406.59
stockholm,ARN,brussels,CRL,1332,140,380.22
stockholm,ARN,stuttgart,STR,1344,135,324.26
stockholm,ARN,poznan,POZ,808,95,280.42
stockholm,ARN,cologne,CGN,1190,125,319.99
stockholm,ARN,luxembourg,LUX,1343,165,348.7
stockholm,ARN,paris,ORY,1576,175,371.15
stockholm,ARN,zagreb,ZAG,1553,145,336.23
stockholm,ARN,paris,BVA,1520,155,433.64
stockholm,ARN,valencia,VLC,2587,235,422.73
stockholm,ARN,turin,TRN,1749,170,363.83
stockholm,ARN,hannover,HAJ,949,105,295.31
stockholm,ARN,lyon,LYS,1769,165,368.42
stockholm,ARN,marseille,MRS,1999,195,399.87
stockholm,ARN,naples,NAP,2102,195,379.97
stockholm,ARN,bucharest,OTP,1765,165,363.06
stockholm,ARN,sevilla,SVQ,2998,270,457.86
athens,ATH,rome,FCO,1087,125,308.05
athens,ATH,paris,CDG,2110,210,393.74
athens,ATH,munich,MUC,1518,160,352.97
athens,ATH,frankfurt,FRA,1818,185,350.32
athens,ATH,milan,MXP,1523,160,371.69
athens,ATH,amsterdam,AMS,2184,220,386.81
athens,ATH,madrid,MAD,2383,235,406.26
athens,ATH,vienna,VIE,1279,140,315.7
athens,ATH,barcelona,BCN,1909,195,363.16
athens,ATH,brussels,BRU,2103,200,365.97
athens,ATH,bucharest,OTP,758,95,268.15
athens,ATH,warsaw,WAW,1598,155,315.39
athens,ATH,paris,ORY,2109,215,386.24
athens,ATH,copenhagen,CPH,2141,200,360.64
athens,ATH,berlin,BER,1797,175,352.27
athens,ATH,dusseldorf,DUS,2004,195,352.54
athens,ATH,naples,NAP,893,110,270.06
athens,ATH,sofia,SOF,529,75,235.34
athens,ATH,budapest,BUD,1122,130,305.5
athens,ATH,lisbon,LIS,2876,275,432.79
athens,ATH,prague,PRG,1556,160,326.66
athens,ATH,stockholm,ARN,2452,220,424.52
athens,ATH,lyon,LYS,1783,185,363.51
athens,ATH,brussels,CRL,2077,205,420.32
athens,ATH,bordeaux,BOD,2188,215,379.33
athens,ATH,hamburg,HAM,2045,195,358.38
athens,ATH,marseille,MRS,1692,175,354.96
athens,ATH,milan,BGY,1458,150,367.81
athens,ATH,cologne,CGN,1956,190,360.09
athens,ATH,krakow,KRK,1388,145,310.34
athens,ATH,malaga,AGP,2515,240,401.68
athens,ATH,helsinki,HEL,2490,215,389.47
athens,ATH,riga,RIX,2110,195,357.17
athens,ATH,stuttgart,STR,1685,170,334.36
athens,ATH,tilburg,EIN,2090,205,390.33
athens,ATH,toulouse,TLS,2000,195,354.24
athens,ATH,vilnius,VNO,1859,175,332.17
athens,ATH,luxembourg,LUX,1921,185,343.8
athens,ATH,zagreb,ZAG,1084,120,286.33
athens,ATH,bratislava,BTS,1261,130,292.07
athens,ATH,hannover,HAJ,1956,185,350.41
athens,ATH,valencia,VLC,2124,195,357.82
athens,ATH,nuremberg,NUE,1645,160,316.52
athens,ATH,tallinn,TLL,2389,220,375.49
athens,ATH,ljubljana,LJU,1208,125,305.34
athens,ATH,sevilla,SVQ,2622,240,402.96
athens,ATH,gothenburg,GOT,2353,210,389.78
bucharest,BBU,madrid,MAD,2463,250,402.38
bucharest,BBU,malaga,AGP,2711,255,397.8
bucharest,BBU,sevilla,SVQ,2784,260,404.08
barcelona,BCN,madrid,MAD,483,85,244.81
barcelona,BCN,rome,FCO,850,110,281.6
barcelona,BCN,amsterdam,AMS,1240,150,305.36
barcelona,BCN,milan,MXP,720,105,305.24
barcelona,BCN,paris,CDG,856,120,292.28
barcelona,BCN,lisbon,LIS,995,120,266.34
barcelona,BCN,paris,ORY,825,110,269.79
barcelona,BCN,sevilla,SVQ,810,100,251.51
barcelona,BCN,malaga,AGP,766,100,250.23
barcelona,BCN,frankfurt,FRA,1094,135,288.87
barcelona,BCN,munich,MUC,1095,125,306.52
barcelona,BCN,brussels,BRU,1082,130,284.52
barcelona,BCN,vienna,VIE,1371,145,309.24
barcelona,BCN,berlin,BER,1503,165,330.81
barcelona,BCN,copenhagen,CPH,1769,180,329.18
barcelona,BCN,dusseldorf,DUS,1165,140,286.09
barcelona,BCN,athens,ATH,1909,170,338.16
barcelona,BCN,stuttgart,STR,993,125,277.9
barcelona,BCN,hamburg,HAM,1493,165,316.93
barcelona,BCN,naples,NAP,1026,120,268.61
barcelona,BCN,prague,PRG,1359,150,305.2
barcelona,BCN,budapest,BUD,1525,155,319.05
barcelona,BCN,stockholm,ARN,2316,220,413.07
barcelona,BCN,cologne,CGN,1132,140,298.63
barcelona,BCN,lyon,LYS,547,90,257.06
barcelona,BCN,warsaw,WAW,1872,185,333.94
barcelona,BCN,milan,BGY,783,105,311.35
barcelona,BCN,bucharest,OTP,1984,195,356.7
barcelona,BCN,sofia,SOF,1769,170,318.89
barcelona,BCN,turin,TRN,625,90,247.48
barcelona,BCN,helsinki,HEL,2631,240,403.02
barcelona,BCN,bordeaux,BOD,452,75,227.88
barcelona,BCN,paris,BVA,906,120,362.29
barcelona,BCN,brussels,CRL,1034,135,338.87
barcelona,BCN,krakow,KRK,1682,170,323.89
barcelona,BCN,luxembourg,LUX,980,135,282.35
barcelona,BCN,tilburg,EIN,1156,135,308.87
barcelona,BCN,marseille,MRS,351,70,238.51
barcelona,BCN,vilnius,VNO,2261,210,355.71
barcelona,BCN,riga,RIX,2340,215,365.71
barcelona,BCN,rotterdam,RTM,1196,135,280.14
barcelona,BCN,valencia,VLC,295,60,211.37
barcelona,BCN,gothenburg,GOT,1959,190,358.33
barcelona,BCN,hannover,HAJ,1367,155,308.95
barcelona,BCN,nuremberg,NUE,1149,140,285.07
barcelona,BCN,genoa,GOA,652,100,248.15
barcelona,BCN,zagreb,ZAG,1231,125,279.88
barcelona,BCN,milan,LIN,743,100,248.83
barcelona,BCN,tallinn,TLL,2556,245,389.04
berlin,BER,frankfurt,FRA,430,70,232.97
berlin,BER,vienna,VIE,520,75,248.35
berlin,BER,munich,MUC,462,70,260.62
berlin,BER,amsterdam,AMS,595,85,249.46
berlin,BER,paris,CDG,857,110,291.39
berlin,BER,copenhagen,CPH,367,60,218.29
berlin,BER,stuttgart,STR,510,70,232.01
berlin,BER,barcelona,BCN,1503,155,320.81
berlin,BER,rome,FCO,1179,130,310.71
berlin,BER,cologne,CGN,471,65,232.74
berlin,BER,helsinki,HEL,1130,115,287.12
berlin,BER,paris,ORY,886,115,283.89
berlin,BER,dusseldorf,DUS,479,70,225.19
berlin,BER,madrid,MAD,1852,190,358.91
berlin,BER,brussels,BRU,645,85,248.62
berlin,BER,stockholm,ARN,856,95,297.17
berlin,BER,athens,ATH,1797,165,342.27
berlin,BER,lisbon,LIS,2307,220,375.44
berlin,BER,milan,LIN,827,105,262.94
berlin,BER,warsaw,WAW,510,70,228.05
berlin,BER,budapest,BUD,686,90,263.16
berlin,BER,malaga,AGP,2242,215,374.34
berlin,BER,riga,RIX,843,98,257.82
berlin,BER,luxembourg,LUX,595,90,246.45
berlin,BER,naples,NAP,1277,135,292.72
berlin,BER,milan,BGY,795,100,315.46
berlin,BER,sofia,SOF,1306,135,292.99
berlin,BER,valencia,VLC,1788,180,340.47
berlin,BER,vilnius,VNO,820,95,249.82
berlin,BER,tallinn,TLL,1053,110,263.14
berlin,BER,krakow,KRK,507,75,238.0
berlin,BER,milan,MXP,826,105,314.34
berlin,BER,gothenburg,GOT,595,75,252.43
berlin,BER,bucharest,OTP,1267,130,300.81
berlin,BER,marseille,MRS,1167,130,307.62
berlin,BER,bordeaux,BOD,1337,145,306.99
berlin,BER,zagreb,ZAG,760,85,248.98
berlin,BER,toulouse,TLS,1324,150,306.89
berlin,BER,lyon,LYS,960,115,291.17
milan,BGY,bucharest,OTP,1292,130,341.34
milan,BGY,brussels,CRL,660,95,348.51
milan,BGY,naples,NAP,648,85,283.26
milan,BGY,sofia,SOF,1143,120,318.53
milan,BGY,barcelona,BCN,783,100,306.35
milan,BGY,copenhagen,CPH,1127,125,323.83
milan,BGY,vienna,VIE,589,80,293.89
milan,BGY,valencia,VLC,1079,120,321.01
milan,BGY,prague,PRG,600,85,289.85
milan,BGY,budapest,BUD,758,90,303.69
milan,BGY,krakow,KRK,899,105,308.54
milan,BGY,lisbon,LIS,1727,175,370.98
milan,BGY,paris,BVA,709,85,376.93
milan,BGY,madrid,MAD,1221,140,349.45
milan,BGY,warsaw,WAW,1096,120,318.59
milan,BGY,malaga,AGP,1549,155,354.88
milan,BGY,tilburg,EIN,718,100,323.52
milan,BGY,berlin,BER,795,100,315.46
milan,BGY,cologne,CGN,610,90,298.28
milan,BGY,stockholm,ARN,1649,160,402.71
milan,BGY,poznan,POZ,912,105,303.7
milan,BGY,vilnius,VNO,1489,145,340.36
milan,BGY,rome,FCO,476,80,301.24
milan,BGY,athens,ATH,1458,140,357.81
milan,BGY,bratislava,BTS,636,85,285.26
milan,BGY,helsinki,HEL,1915,180,392.66
milan,BGY,luxembourg,LUX,512,80,276.99
milan,BGY,dusseldorf,DUS,660,95,290.73
milan,BGY,hamburg,HAM,886,110,311.57
milan,BGY,zagreb,ZAG,495,75,279.52
milan,BGY,dusseldorf,NRN,709,95,372.8
milan,BGY,toulouse,TLS,697,100,297.43
milan,BGY,bordeaux,BOD,821,100,302.53
milan,BGY,marseille,MRS,432,75,293.15
milan,BGY,gothenburg,GOT,1347,140,357.97
milan,BGY,riga,RIX,1593,160,360.36
milan,BGY,tallinn,TLL,1832,180,373.68
milan,BGY,hannover,HAJ,755,100,303.6
milan,BGY,rotterdam,RTM,798,100,294.79
milan,BGY,sevilla,SVQ,1586,160,361.15
milan,BGY,zaragoza,ZAZ,970,115,318.64
milan,BGY,paris,CDG,653,95,316.93
stockholm,BMA,gothenburg,GOT,379,65,226.28
stockholm,BMA,helsinki,HEL,407,73,228.96
bordeaux,BOD,paris,CDG,526,85,253.46
bordeaux,BOD,lyon,LYS,464,70,233.23
bordeaux,BOD,marseille,MRS,498,70,234.68
bordeaux,BOD,amsterdam,AMS,923,105,256.53
bordeaux,BOD,madrid,MAD,536,85,240.98
bordeaux,BOD,barcelona,BCN,452,75,227.88
bordeaux,BOD,frankfurt,FRA,907,110,260.04
bordeaux,BOD,lisbon,LIS,970,120,262.51
bordeaux,BOD,athens,ATH,2188,195,359.33
bordeaux,BOD,brussels,CRL,735,95,295.04
bordeaux,BOD,malaga,AGP,960,115,261.4
bordeaux,BOD,munich,MUC,1032,110,287.69
bordeaux,BOD,milan,MXP,744,95,291.41
bordeaux,BOD,milan,BGY,821,100,302.53
bordeaux,BOD,naples,NAP,1299,135,279.78
bordeaux,BOD,berlin,BER,1337,145,306.99
bordeaux,BOD,rome,FCO,1102,125,292.77
bordeaux,BOD,stuttgart,STR,868,105,254.08
bordeaux,BOD,dusseldorf,DUS,906,110,252.26
bordeaux,BOD,hamburg,HAM,1248,135,283.1
bordeaux,BOD,luxembourg,LUX,746,110,253.52
bordeaux,BOD,prague,PRG,1268,133,284.38
bordeaux,BOD,sevilla,SVQ,930,105,252.68
bordeaux,BOD,valencia,VLC,593,88,235.54
bordeaux,BOD,copenhagen,CPH,1527,155,300.36
bremen,BRE,munich,MUC,564,75,242.56
bremen,BRE,frankfurt,FRA,334,60,199.91
bremen,BRE,amsterdam,AMS,284,55,196.39
bremen,BRE,stuttgart,STR,486,70,208.94
bremen,BRE,vienna,VIE,776,95,245.28
bremen,BRE,malaga,AGP,2093,200,336.27
brussels,BRU,madrid,MAD,1313,145,302.62
brussels,BRU,barcelona,BCN,1082,120,274.52
brussels,BRU,frankfurt,FRA,305,60,211.68
brussels,BRU,vienna,VIE,926,105,267.05
brussels,BRU,munich,MUC,598,75,254.33
brussels,BRU,malaga,AGP,1734,175,323.04
brussels,BRU,rome,FCO,1173,125,294.41
brussels,BRU,copenhagen,CPH,756,90,236.99
brussels,BRU,lisbon,LIS,1718,175,319.15
brussels,BRU,milan,LIN,701,85,231.64
brussels,BRU,warsaw,WAW,1150,120,266.75
brussels,BRU,berlin,BER,645,85,248.62
brussels,BRU,amsterdam,AMS,158,55,208.17
brussels,BRU,stockholm,ARN,1291,130,320.87
brussels,BRU,athens,ATH,2103,180,345.97
brussels,BRU,helsinki,HEL,1651,155,315.82
brussels,BRU,hamburg,HAM,484,70,219.74
brussels,BRU,prague,PRG,699,85,238.01
brussels,BRU,budapest,BUD,1142,115,276.86
brussels,BRU,paris,CDG,251,60,230.09
brussels,BRU,valencia,VLC,1325,135,284.18
brussels,BRU,lyon,LYS,577,85,249.87
brussels,BRU,marseille,MRS,830,100,266.32
brussels,BRU,milan,MXP,664,85,283.05
brussels,BRU,toulouse,TLS,841,100,245.6
brussels,BRU,gothenburg,GOT,907,100,266.14
brussels,BRU,zagreb,ZAG,1031,125,277.69
brussels,BRU,riga,RIX,1439,143,291.52
brussels,BRU,naples,NAP,1345,140,286.42
brussels,BRU,sevilla,SVQ,1708,160,309.31
brussels,BRU,ljubljana,LJU,899,100,266.7
brussels,BRU,bucharest,OTP,1757,160,319.51
brussels,BRU,tallinn,TLL,1594,145,286.85
brussels,BRU,vilnius,VNO,1457,140,283.52
brussels,BRU,krakow,KRK,1088,120,271.7
brussels,BRU,sofia,SOF,1701,150,296.7
bratislava,BTS,milan,BGY,636,90,290.26
bratislava,BTS,brussels,CRL,960,115,312.78
bratislava,BTS,tilburg,EIN,924,115,282.78
bratislava,BTS,athens,ATH,1261,120,282.07
bratislava,BTS,rome,CIA,795,95,247.94
bratislava,BTS,sofia,SOF,778,90,232.79
bratislava,BTS,milan,MXP,706,95,289.14
budapest,BUD,warsaw,WAW,541,75,231.28
budapest,BUD,amsterdam,AMS,1171,125,287.7
budapest,BUD,frankfurt,FRA,837,105,266.21
budapest,BUD,milan,MXP,833,105,312.58
budapest,BUD,munich,MUC,567,80,268.86
budapest,BUD,barcelona,BCN,1525,155,319.05
budapest,BUD,vienna,VIE,216,50,221.58
budapest,BUD,copenhagen,CPH,1019,120,276.53
budapest,BUD,brussels,CRL,1133,125,336.21
budapest,BUD,madrid,MAD,1978,200,367.15
budapest,BUD,berlin,BER,686,90,263.16
budapest,BUD,paris,CDG,1250,150,329.63
budapest,BUD,bucharest,OTP,616,105,274.04
budapest,BUD,stuttgart,STR,762,95,255.25
budapest,BUD,brussels,BRU,1142,130,291.86
budapest,BUD,athens,ATH,1122,120,295.5
budapest,BUD,rome,CIA,819,100,266.38
budapest,BUD,helsinki,HEL,1481,140,310.36
budapest,BUD,milan,BGY,758,95,308.69
budapest,BUD,rome,FCO,837,110,288.94
budapest,BUD,naples,NAP,828,105,260.95
budapest,BUD,stockholm,ARN,1362,138,338.41
budapest,BUD,dusseldorf,DUS,1001,110,263.43
budapest,BUD,tilburg,EIN,1098,135,316.21
budapest,BUD,lisbon,LIS,2485,240,393.68
budapest,BUD,paris,ORY,1264,145,312.13
budapest,BUD,prague,PRG,472,75,237.55
budapest,BUD,valencia,VLC,1817,180,338.71
budapest,BUD,malaga,AGP,2286,220,377.57
budapest,BUD,paris,BVA,1285,135,384.63
budapest,BUD,hamburg,HAM,950,105,264.27
budapest,BUD,sofia,SOF,620,85,241.23
budapest,BUD,luxembourg,LUX,993,125,279.69
budapest,BUD,cologne,CGN,963,110,275.98
budapest,BUD,dortmund,DTM,956,120,281.04
budapest,BUD,gothenburg,GOT,1231,130,305.67
budapest,BUD,nuremberg,NUE,646,90,242.41
budapest,BUD,riga,RIX,1103,120,278.05
budapest,BUD,marseille,MRS,1182,135,310.85
budapest,BUD,sevilla,SVQ,2335,220,378.85
budapest,BUD,lyon,LYS,1101,125,299.4
budapest,BUD,toulouse,TLS,1455,150,305.13
paris,BVA,bucharest,OTP,1892,175,422.28
paris,BVA,rome,FCO,1160,130,387.18
paris,BVA,milan,BGY,709,90,381.93
paris,BVA,barcelona,BCN,906,105,347.29
paris,BVA,milan,MXP,654,90,375.81
paris,BVA,krakow,KRK,1272,130,369.47
paris,BVA,lisbon,LIS,1486,155,386.92
paris,BVA,vienna,VIE,1070,115,364.82
paris,BVA,budapest,BUD,1285,130,379.63
paris,BVA,madrid,MAD,1091,130,375.38
paris,BVA,poznan,POZ,1083,115,349.64
paris,BVA,sofia,SOF,1803,160,394.46
paris,BVA,vilnius,VNO,1681,160,391.29
paris,BVA,copenhagen,CPH,989,115,349.76
paris,BVA,malaga,AGP,1517,155,390.81
paris,BVA,sevilla,SVQ,1484,150,387.08
paris,BVA,zagreb,ZAG,1125,120,360.45
paris,BVA,prague,PRG,877,100,340.78
paris,BVA,valencia,VLC,1126,120,356.95
paris,BVA,stockholm,ARN,1520,150,428.64
paris,BVA,helsinki,HEL,1883,175,423.59
paris,BVA,naples,NAP,1347,135,369.19
paris,BVA,zaragoza,ZAZ,899,105,344.58
paris,BVA,riga,RIX,1670,155,391.29
paris,BVA,turin,TRN,632,85,328.05
paris,CDG,barcelona,BCN,856,110,282.28
paris,CDG,frankfurt,FRA,450,80,249.44
paris,CDG,amsterdam,AMS,399,85,255.93
paris,CDG,rome,FCO,1101,125,312.18
paris,CDG,athens,ATH,2110,190,373.74
paris,CDG,milan,MXP,596,90,305.81
paris,CDG,madrid,MAD,1062,130,305.38
paris,CDG,munich,MUC,682,90,287.09
paris,CDG,copenhagen,CPH,1006,110,274.76
paris,CDG,milan,LIN,642,90,254.41
paris,CDG,toulouse,TLS,604,80,243.36
paris,CDG,berlin,BER,857,105,286.39
paris,CDG,vienna,VIE,1036,115,294.82
paris,CDG,marseille,MRS,651,85,269.09
paris,CDG,warsaw,WAW,1346,135,299.52
paris,CDG,bordeaux,BOD,526,75,243.46
paris,CDG,lisbon,LIS,1471,160,321.91
paris,CDG,lyon,LYS,411,65,247.64
paris,CDG,helsinki,HEL,1900,180,358.59
paris,CDG,stockholm,ARN,1542,150,358.64
paris,CDG,prague,PRG,854,100,270.78
paris,CDG,hamburg,HAM,730,95,262.5
paris,CDG,bucharest,OTP,1853,175,352.27
paris,CDG,dusseldorf,DUS,392,75,236.66
paris,CDG,malaga,AGP,1484,155,320.81
paris,CDG,naples,NAP,1289,135,299.19
paris,CDG,turin,TRN,572,85,258.05
paris,CDG,hannover,HAJ,632,90,259.53
paris,CDG,valencia,VLC,1084,120,286.94
paris,CDG,sevilla,SVQ,1456,155,322.08
paris,CDG,luxembourg,LUX,273,60,222.92
paris,CDG,budapest,BUD,1250,130,309.63
paris,CDG,stuttgart,STR,487,75,243.48
paris,CDG,brussels,BRU,251,55,225.09
paris,CDG,gothenburg,GOT,1159,125,308.9
paris,CDG,zagreb,ZAG,1080,110,280.45
paris,CDG,krakow,KRK,1249,135,304.47
paris,CDG,nuremberg,NUE,621,85,245.65
paris,CDG,riga,RIX,1676,160,326.29
paris,CDG,sofia,SOF,1757,165,329.46
paris,CDG,ljubljana,LJU,944,110,294.47
paris,CDG,tallinn,TLL,1841,170,329.61
paris,CDG,vilnius,VNO,1677,160,321.29
paris,CDG,milan,BGY,653,90,311.93
cologne,CGN,munich,MUC,438,65,248.44
cologne,CGN,vienna,VIE,748,90,256.17
cologne,CGN,berlin,BER,471,70,237.74
cologne,CGN,barcelona,BCN,1132,130,288.63
cologne,CGN,malaga,AGP,1829,180,332.16
cologne,CGN,rome,FCO,1083,120,293.52
cologne,CGN,hamburg,HAM,364,60,213.85
cologne,CGN,lisbon,LIS,1852,190,338.26
cologne,CGN,milan,BGY,610,90,298.28
cologne,CGN,valencia,VLC,1397,150,303.29
cologne,CGN,milan,MXP,595,85,287.16
cologne,CGN,athens,ATH,1956,175,345.09
cologne,CGN,sofia,SOF,1536,145,295.81
cologne,CGN,zagreb,ZAG,874,95,251.8
cologne,CGN,stockholm,ARN,1190,123,317.99
cologne,CGN,budapest,BUD,963,100,265.98
cologne,CGN,naples,NAP,1240,125,275.54
cologne,CGN,prague,PRG,513,70,227.13
cologne,CGN,riga,RIX,1291,130,282.64
cologne,CGN,sevilla,SVQ,1816,175,328.43
cologne,CGN,copenhagen,CPH,644,85,236.11
rome,CIA,budapest,BUD,819,100,266.38
rome,CIA,bucharest,OTP,1137,125,289.03
rome,CIA,brussels,CRL,1148,130,336.19
rome,CIA,krakow,KRK,1075,120,276.22
rome,CIA,sofia,SOF,898,105,256.21
rome,CIA,poznan,POZ,1222,130,281.39
rome,CIA,sevilla,SVQ,1656,165,318.83
rome,CIA,riga,RIX,1868,180,333.04
rome,CIA,tallinn,TLL,2133,195,341.37
rome,CIA,vilnius,VNO,1705,170,318.04
rome,CIA,bratislava,BTS,795,100,252.94
rome,CIA,prague,PRG,932,110,267.53
copenhagen,CPH,stockholm,ARN,547,75,260.54
copenhagen,CPH,amsterdam,AMS,635,85,232.83
copenhagen,CPH,paris,CDG,1006,120,284.76
copenhagen,CPH,helsinki,HEL,894,95,250.49
copenhagen,CPH,warsaw,WAW,668,80,221.42
copenhagen,CPH,munich,MUC,811,95,268.99
copenhagen,CPH,brussels,BRU,756,90,236.99
copenhagen,CPH,frankfurt,FRA,678,95,241.34
copenhagen,CPH,berlin,BER,367,65,223.29
copenhagen,CPH,dusseldorf,DUS,621,80,218.56
copenhagen,CPH,vienna,VIE,877,105,261.72
copenhagen,CPH,milan,MXP,1146,125,317.71
copenhagen,CPH,barcelona,BCN,1769,180,329.18
copenhagen,CPH,malaga,AGP,2473,230,372.71
copenhagen,CPH,hamburg,HAM,280,60,204.4
copenhagen,CPH,rome,FCO,1538,155,319.08
copenhagen,CPH,prague,PRG,624,80,227.68
copenhagen,CPH,gothenburg,GOT,227,50,210.8
copenhagen,CPH,athens,ATH,2141,190,350.64
copenhagen,CPH,budapest,BUD,1019,110,266.53
copenhagen,CPH,riga,RIX,715,85,228.19
copenhagen,CPH,vilnius,VNO,811,90,228.19
copenhagen,CPH,lisbon,LIS,2475,235,373.81
copenhagen,CPH,milan,BGY,1127,125,323.83
copenhagen,CPH,madrid,MAD,2061,190,342.28
copenhagen,CPH,stuttgart,STR,807,95,240.38
copenhagen,CPH,krakow,KRK,782,90,236.37
copenhagen,CPH,luxembourg,LUX,796,110,249.82
copenhagen,CPH,sofia,SOF,1635,165,306.36
copenhagen,CPH,hannover,HAJ,402,75,221.43
copenhagen,CPH,naples,NAP,1643,160,301.09
copenhagen,CPH,tallinn,TLL,839,90,226.51
copenhagen,CPH,bucharest,OTP,1555,155,309.17
copenhagen,CPH,poznan,POZ,450,70,211.53
copenhagen,CPH,zagreb,ZAG,1126,110,257.35
copenhagen,CPH,paris,BVA,989,115,349.76
copenhagen,CPH,tilburg,EIN,667,85,251.35
copenhagen,CPH,paris,ORY,1039,130,282.26
copenhagen,CPH,dusseldorf,NRN,620,85,305.63
copenhagen,CPH,marseille,MRS,1456,155,315.99
copenhagen,CPH,cologne,CGN,644,90,241.11
copenhagen,CPH,toulouse,TLS,1559,155,295.26
copenhagen,CPH,ljubljana,LJU,1053,110,271.37
copenhagen,CPH,lyon,LYS,1223,135,294.54
copenhagen,CPH,bordeaux,BOD,1527,160,305.36
copenhagen,CPH,turin,TRN,1213,135,284.95
copenhagen,CPH,valencia,VLC,2040,190,333.84
copenhagen,CPH,genoa,GOA,1276,130,270.62
copenhagen,CPH,sevilla,SVQ,2457,220,363.98
brussels,CRL,milan,BGY,660,90,343.51
brussels,CRL,bucharest,OTP,1747,165,373.86
brussels,CRL,budapest,BUD,1133,120,331.21
brussels,CRL,marseille,MRS,782,105,320.67
brussels,CRL,lisbon,LIS,1682,170,363.5
brussels,CRL,malaga,AGP,1690,165,362.39
brussels,CRL,barcelona,BCN,1034,115,318.87
brussels,CRL,sofia,SOF,1683,160,356.04
brussels,CRL,warsaw,WAW,1164,120,316.1
brussels,CRL,athens,ATH,2077,185,400.32
brussels,CRL,rome,CIA,1148,120,326.19
brussels,CRL,krakow,KRK,1092,120,321.05
brussels,CRL,naples,NAP,1308,135,330.77
brussels,CRL,prague,PRG,699,90,292.36
brussels,CRL,turin,TRN,632,90,294.64
brussels,CRL,valencia,VLC,1278,135,333.53
brussels,CRL,zagreb,ZAG,1010,110,312.03
brussels,CRL,vienna,VIE,917,105,316.4
brussels,CRL,bordeaux,BOD,735,90,290.04
brussels,CRL,madrid,MAD,1271,145,351.96
brussels,CRL,sevilla,SVQ,1666,160,358.66
brussels,CRL,toulouse,TLS,794,100,294.95
brussels,CRL,stockholm,ARN,1332,140,380.22
brussels,CRL,helsinki,HEL,1688,160,370.17
brussels,CRL,bratislava,BTS,960,105,302.78
brussels,CRL,poznan,POZ,886,100,296.22
brussels,CRL,gothenburg,GOT,951,110,325.49
brussels,CRL,riga,RIX,1469,143,340.87
brussels,CRL,zaragoza,ZAZ,1064,120,321.16
brussels,CRL,genoa,GOA,749,95,290.3
dresden,DRS,frankfurt,FRA,386,65,213.21
dresden,DRS,munich,MUC,339,55,230.86
dresden,DRS,dusseldorf,DUS,489,70,210.43
dortmund,DTM,munich,MUC,462,65,243.51
dortmund,DTM,bucharest,OTP,1572,155,313.69
dortmund,DTM,sofia,SOF,1544,150,295.88
dortmund,DTM,malaga,AGP,1906,175,322.22
dortmund,DTM,budapest,BUD,956,110,271.04
dortmund,DTM,rome,FCO,1136,130,298.59
dortmund,DTM,krakow,KRK,872,95,245.88
dortmund,DTM,vilnius,VNO,1230,123,265.71
dusseldorf,DUS,munich,MUC,486,70,240.9
dusseldorf,DUS,vienna,VIE,788,95,248.62
dusseldorf,DUS,copenhagen,CPH,621,80,218.56
dusseldorf,DUS,paris,CDG,392,80,241.66
dusseldorf,DUS,amsterdam,AMS,179,55,199.74
dusseldorf,DUS,frankfurt,FRA,187,55,198.25
dusseldorf,DUS,barcelona,BCN,1165,130,276.09
dusseldorf,DUS,berlin,BER,479,70,225.19
dusseldorf,DUS,madrid,MAD,1439,160,309.19
dusseldorf,DUS,helsinki,HEL,1512,145,297.4
dusseldorf,DUS,lisbon,LIS,1863,185,320.72
dusseldorf,DUS,warsaw,WAW,985,105,243.32
dusseldorf,DUS,malaga,AGP,1852,185,324.61
dusseldorf,DUS,stockholm,ARN,1166,120,302.44
dusseldorf,DUS,athens,ATH,2004,180,337.54
dusseldorf,DUS,hamburg,HAM,342,60,201.31
dusseldorf,DUS,milan,MXP,644,95,284.62
dusseldorf,DUS,rome,FCO,1134,120,280.98
dusseldorf,DUS,milan,LIN,673,90,228.21
dusseldorf,DUS,prague,PRG,545,80,224.58
dusseldorf,DUS,budapest,BUD,1001,110,263.43
dusseldorf,DUS,gothenburg,GOT,795,90,247.71
dusseldorf,DUS,lyon,LYS,630,90,246.44
dusseldorf,DUS,naples,NAP,1291,135,272.99
dusseldorf,DUS,valencia,VLC,1425,150,290.75
dusseldorf,DUS,dresden,DRS,489,70,210.43
dusseldorf,DUS,krakow,KRK,929,105,248.27
dusseldorf,DUS,riga,RIX,1284,125,265.09
dusseldorf,DUS,milan,BGY,660,90,285.73
dusseldorf,DUS,bucharest,OTP,1617,155,306.08
dusseldorf,DUS,leipzig,LEJ,380,65,213.6
dusseldorf,DUS,marseille,MRS,878,105,262.89
dusseldorf,DUS,bordeaux,BOD,906,110,252.26
dusseldorf,DUS,zagreb,ZAG,921,100,244.26
dusseldorf,DUS,hannover,HAJ,240,50,193.33
dusseldorf,DUS,genoa,GOA,778,95,232.53
dusseldorf,DUS,vilnius,VNO,1294,138,273.09
tilburg,EIN,malaga,AGP,1819,175,342.4
tilburg,EIN,valencia,VLC,1405,140,308.53
tilburg,EIN,rome,FCO,1194,125,313.76
tilburg,EIN,sofia,SOF,1673,155,321.05
tilburg,EIN,budapest,BUD,1098,115,296.21
tilburg,EIN,barcelona,BCN,1156,125,298.87
tilburg,EIN,milan,BGY,718,95,318.52
tilburg,EIN,krakow,KRK,1025,110,281.06
tilburg,EIN,lisbon,LIS,1807,180,343.5
tilburg,EIN,bucharest,OTP,1714,160,338.86
tilburg,EIN,warsaw,WAW,1075,110,276.11
tilburg,EIN,sevilla,SVQ,1795,165,333.67
tilburg,EIN,vilnius,VNO,1374,130,292.88
tilburg,EIN,athens,ATH,2090,185,370.33
tilburg,EIN,copenhagen,CPH,667,85,251.35
tilburg,EIN,bratislava,BTS,924,105,272.78
tilburg,EIN,prague,PRG,643,80,252.37
tilburg,EIN,zagreb,ZAG,1010,110,282.04
tilburg,EIN,marseille,MRS,891,105,290.67
tilburg,EIN,naples,NAP,1359,135,300.78
tilburg,EIN,vienna,VIE,884,100,281.41
tilburg,EIN,madrid,MAD,1400,155,331.97
rome,FCO,madrid,MAD,1333,155,329.7
rome,FCO,barcelona,BCN,850,110,281.6
rome,FCO,milan,LIN,472,70,233.72
rome,FCO,paris,CDG,1101,130,317.18
rome,FCO,paris,ORY,1092,135,309.68
rome,FCO,athens,ATH,1087,120,303.05
rome,FCO,frankfurt,FRA,960,120,288.76
rome,FCO,amsterdam,AMS,1298,150,320.25
rome,FCO,munich,MUC,729,95,291.41
rome,FCO,lisbon,LIS,1843,190,351.23
rome,FCO,brussels,BRU,1173,135,304.41
rome,FCO,vienna,VIE,780,105,284.13
rome,FCO,berlin,BER,1179,130,310.71
rome,FCO,turin,TRN,530,75,247.37
rome,FCO,copenhagen,CPH,1538,155,319.08
rome,FCO,valencia,VLC,1105,130,296.26
rome,FCO,genoa,GOA,401,65,228.04
rome,FCO,naples,NAP,198,55,218.5
rome,FCO,prague,PRG,936,110,280.1
rome,FCO,malaga,AGP,1549,165,330.12
rome,FCO,warsaw,WAW,1328,150,313.83
rome,FCO,bucharest,OTP,1164,135,311.59
rome,FCO,lyon,LYS,723,95,276.95
rome,FCO,sofia,SOF,926,110,273.78
rome,FCO,stockholm,ARN,2024,190,397.96
rome,FCO,dusseldorf,DUS,1134,130,290.98
rome,FCO,helsinki,HEL,2236,205,382.91
rome,FCO,budapest,BUD,837,110,288.94
rome,FCO,paris,BVA,1160,135,392.18
rome,FCO,tilburg,EIN,1194,135,323.76
rome,FCO,cologne,CGN,1083,125,298.52
rome,FCO,marseille,MRS,604,90,273.4
rome,FCO,milan,MXP,512,75,290.13
rome,FCO,sevilla,SVQ,1628,165,331.4
rome,FCO,hamburg,HAM,1326,145,311.82
rome,FCO,luxembourg,LUX,989,115,277.24
rome,FCO,stuttgart,STR,802,100,267.8
rome,FCO,vilnius,VNO,1719,170,330.61
rome,FCO,milan,BGY,476,80,301.24
rome,FCO,gothenburg,GOT,1765,170,353.22
rome,FCO,krakow,KRK,1089,130,298.78
rome,FCO,riga,RIX,1879,180,345.6
rome,FCO,toulouse,TLS,913,115,277.68
rome,FCO,zagreb,ZAG,534,85,254.77
rome,FCO,hannover,HAJ,1201,125,293.84
rome,FCO,rotterdam,RTM,1274,145,305.03
rome,FCO,dortmund,DTM,1136,135,303.59
rome,FCO,bordeaux,BOD,1102,125,292.77
rome,FCO,warsaw,RDO,1266,140,435.04
rome,FCO,nuremberg,NUE,860,105,264.96
frankfurt,FRA,berlin,BER,430,70,232.97
frankfurt,FRA,hamburg,HAM,410,65,214.08
frankfurt,FRA,vienna,VIE,621,85,246.4
frankfurt,FRA,paris,CDG,450,75,244.44
frankfurt,FRA,munich,MUC,300,55,233.68
frankfurt,FRA,amsterdam,AMS,366,75,227.51
frankfurt,FRA,madrid,MAD,1423,165,321.96
frankfurt,FRA,milan,LIN,512,70,215.99
frankfurt,FRA,barcelona,BCN,1094,125,278.87
frankfurt,FRA,rome,FCO,960,110,278.76
frankfurt,FRA,brussels,BRU,305,60,211.68
frankfurt,FRA,lisbon,LIS,1877,190,333.5
frankfurt,FRA,athens,ATH,1818,170,335.32
frankfurt,FRA,warsaw,WAW,898,100,246.1
frankfurt,FRA,copenhagen,CPH,678,85,231.34
frankfurt,FRA,milan,MXP,491,75,272.39
frankfurt,FRA,stockholm,ARN,1223,125,315.22
frankfurt,FRA,luxembourg,LUX,176,50,194.51
frankfurt,FRA,dusseldorf,DUS,187,50,193.25
frankfurt,FRA,gothenburg,GOT,882,95,260.49
frankfurt,FRA,leipzig,LEJ,299,55,211.38
frankfurt,FRA,prague,PRG,407,60,212.36
frankfurt,FRA,stuttgart,STR,157,40,190.06
frankfurt,FRA,budapest,BUD,837,95,256.21
frankfurt,FRA,helsinki,HEL,1539,145,305.17
frankfurt,FRA,zagreb,ZAG,736,80,232.03
frankfurt,FRA,krakow,KRK,802,95,246.05
frankfurt,FRA,bremen,BRE,334,55,194.91
frankfurt,FRA,nuremberg,NUE,190,40,182.23
frankfurt,FRA,hannover,HAJ,279,50,201.11
frankfurt,FRA,bucharest,OTP,1452,140,298.86
frankfurt,FRA,sofia,SOF,1400,135,281.04
frankfurt,FRA,dresden,DRS,386,60,208.21
frankfurt,FRA,lyon,LYS,547,75,239.22
frankfurt,FRA,malaga,AGP,1818,180,327.39
frankfurt,FRA,toulouse,TLS,899,105,249.95
frankfurt,FRA,tallinn,TLL,1468,140,281.2
frankfurt,FRA,ljubljana,LJU,609,70,236.05
frankfurt,FRA,poznan,POZ,633,75,221.22
frankfurt,FRA,riga,RIX,1272,125,272.87
frankfurt,FRA,naples,NAP,1111,120,265.77
frankfurt,FRA,marseille,MRS,777,95,260.67
frankfurt,FRA,vilnius,VNO,1243,125,267.87
frankfurt,FRA,valencia,VLC,1372,145,293.53
frankfurt,FRA,turin,TRN,544,80,234.64
frankfurt,FRA,bordeaux,BOD,907,105,255.04
frankfurt,FRA,sevilla,SVQ,1817,175,323.66
frankfurt,FRA,genoa,GOA,626,75,220.3
genoa,GOA,rome,FCO,401,65,228.04
genoa,GOA,amsterdam,AMS,928,115,261.79
genoa,GOA,munich,MUC,492,75,247.95
genoa,GOA,naples,NAP,593,85,225.05
genoa,GOA,barcelona,BCN,652,90,238.15
genoa,GOA,brussels,CRL,749,100,295.3
genoa,GOA,paris,ORY,690,100,251.23
genoa,GOA,bucharest,OTP,1367,135,288.14
genoa,GOA,copenhagen,CPH,1276,125,265.62
genoa,GOA,luxembourg,LUX,613,100,238.78
genoa,GOA,frankfurt,FRA,626,85,230.3
genoa,GOA,dusseldorf,DUS,778,100,237.53
gothenburg,GOT,stockholm,ARN,394,60,264.68
gothenburg,GOT,amsterdam,AMS,765,95,261.98
gothenburg,GOT,frankfurt,FRA,882,105,270.49
gothenburg,GOT,helsinki,HEL,784,115,289.63
gothenburg,GOT,stockholm,BMA,379,65,226.28
gothenburg,GOT,copenhagen,CPH,227,45,205.8
gothenburg,GOT,munich,MUC,1037,110,303.14
gothenburg,GOT,paris,CDG,1159,140,323.9
gothenburg,GOT,malaga,AGP,2641,230,391.85
gothenburg,GOT,brussels,BRU,907,105,271.14
gothenburg,GOT,dusseldorf,DUS,795,90,247.71
gothenburg,GOT,warsaw,WAW,825,95,255.56
gothenburg,GOT,vienna,VIE,1100,110,285.86
gothenburg,GOT,rome,FCO,1765,170,353.22
gothenburg,GOT,krakow,KRK,977,105,270.51
gothenburg,GOT,riga,RIX,708,80,242.33
gothenburg,GOT,berlin,BER,595,75,252.43
gothenburg,GOT,barcelona,BCN,1959,180,348.33
gothenburg,GOT,milan,BGY,1347,140,357.97
gothenburg,GOT,budapest,BUD,1231,125,300.67
gothenburg,GOT,prague,PRG,851,95,261.82
gothenburg,GOT,zagreb,ZAG,1352,135,301.49
gothenburg,GOT,hamburg,HAM,471,65,228.54
gothenburg,GOT,lyon,LYS,1417,215,393.68
gothenburg,GOT,brussels,CRL,951,110,325.49
gothenburg,GOT,athens,ATH,2353,205,384.78
hannover,HAJ,munich,MUC,480,70,248.76
hannover,HAJ,frankfurt,FRA,279,55,206.11
hannover,HAJ,amsterdam,AMS,336,65,217.6
hannover,HAJ,vienna,VIE,686,85,246.49
hannover,HAJ,paris,CDG,632,95,264.53
hannover,HAJ,copenhagen,CPH,402,75,221.43
hannover,HAJ,rome,FCO,1201,125,293.84
hannover,HAJ,milan,BGY,755,95,298.6
hannover,HAJ,malaga,AGP,2076,200,347.48
hannover,HAJ,barcelona,BCN,1367,145,298.95
hannover,HAJ,naples,NAP,1333,140,285.86
hannover,HAJ,athens,ATH,1956,175,340.41
hannover,HAJ,toulouse,TLS,1159,130,275.03
hannover,HAJ,stockholm,ARN,949,110,300.31
hamburg,HAM,munich,MUC,600,75,251.73
hamburg,HAM,frankfurt,FRA,410,70,219.08
hamburg,HAM,vienna,VIE,766,90,249.46
hamburg,HAM,stuttgart,STR,552,75,223.12
hamburg,HAM,paris,CDG,730,95,262.5
hamburg,HAM,amsterdam,AMS,381,70,220.57
hamburg,HAM,copenhagen,CPH,280,60,204.4
hamburg,HAM,barcelona,BCN,1493,155,306.93
hamburg,HAM,helsinki,HEL,1170,110,268.23
hamburg,HAM,warsaw,WAW,754,90,234.16
hamburg,HAM,brussels,BRU,484,70,219.74
hamburg,HAM,lisbon,LIS,2201,225,366.56
hamburg,HAM,dusseldorf,DUS,342,55,196.31
hamburg,HAM,madrid,MAD,1781,180,335.02
hamburg,HAM,stockholm,ARN,826,90,278.28
hamburg,HAM,malaga,AGP,2192,200,345.45
hamburg,HAM,cologne,CGN,364,60,213.85
hamburg,HAM,rome,FCO,1326,135,301.82
hamburg,HAM,luxembourg,LUX,516,80,222.56
hamburg,HAM,milan,MXP,895,105,300.45
hamburg,HAM,athens,ATH,2045,180,343.38
hamburg,HAM,milan,LIN,910,105,249.05
hamburg,HAM,riga,RIX,958,100,245.93
hamburg,HAM,milan,BGY,886,110,311.57
hamburg,HAM,budapest,BUD,950,100,259.27
hamburg,HAM,valencia,VLC,1760,165,311.59
hamburg,HAM,naples,NAP,1452,145,288.83
hamburg,HAM,bucharest,OTP,1540,155,311.92
hamburg,HAM,lyon,LYS,948,110,272.28
hamburg,HAM,bordeaux,BOD,1248,135,283.1
hamburg,HAM,gothenburg,GOT,471,65,228.54
hamburg,HAM,vilnius,VNO,1002,110,250.93
hamburg,HAM,sofia,SOF,1567,155,299.1
hamburg,HAM,nuremberg,NUE,466,65,205.29
hamburg,HAM,tallinn,TLL,1111,110,249.26
helsinki,HEL,stockholm,ARN,399,65,264.37
helsinki,HEL,tallinn,TLL,100,30,180.34
helsinki,HEL,copenhagen,CPH,894,100,255.49
helsinki,HEL,riga,RIX,382,70,227.02
helsinki,HEL,paris,CDG,1900,185,363.59
helsinki,HEL,amsterdam,AMS,1525,155,316.66
helsinki,HEL,munich,MUC,1577,155,342.82
helsinki,HEL,frankfurt,FRA,1539,160,320.17
helsinki,HEL,berlin,BER,1130,120,292.12
helsinki,HEL,gothenburg,GOT,784,120,294.63
helsinki,HEL,vilnius,VNO,632,100,252.02
helsinki,HEL,warsaw,WAW,939,100,255.25
helsinki,HEL,malaga,AGP,3356,285,441.54
helsinki,HEL,hamburg,HAM,1170,120,278.23
helsinki,HEL,krakow,KRK,1185,120,280.2
helsinki,HEL,dusseldorf,DUS,1512,150,302.4
helsinki,HEL,prague,PRG,1321,135,296.51
helsinki,HEL,brussels,BRU,1651,160,320.82
helsinki,HEL,vienna,VIE,1461,150,320.55
helsinki,HEL,milan,MXP,1954,185,391.54
helsinki,HEL,budapest,BUD,1481,145,315.36
helsinki,HEL,rome,FCO,2236,210,387.91
helsinki,HEL,barcelona,BCN,2631,235,398.02
helsinki,HEL,stockholm,BMA,407,75,230.96
helsinki,HEL,lisbon,LIS,3370,295,447.65
helsinki,HEL,madrid,MAD,2950,265,431.11
helsinki,HEL,milan,BGY,1915,190,402.66
helsinki,HEL,athens,ATH,2490,220,394.47
helsinki,HEL,ljubljana,LJU,1712,155,330.2
helsinki,HEL,milan,LIN,1950,185,340.14
helsinki,HEL,naples,NAP,2283,210,364.92
helsinki,HEL,brussels,CRL,1688,180,390.17
helsinki,HEL,sofia,SOF,1964,170,325.19
helsinki,HEL,paris,BVA,1883,195,443.59
krakow,KRK,warsaw,WAW,247,50,196.12
krakow,KRK,frankfurt,FRA,802,100,251.05
krakow,KRK,amsterdam,AMS,1077,120,272.54
krakow,KRK,munich,MUC,613,80,258.7
krakow,KRK,vienna,VIE,320,65,226.43
krakow,KRK,helsinki,HEL,1185,110,270.2
krakow,KRK,paris,CDG,1249,140,309.47
krakow,KRK,milan,BGY,899,105,308.54
krakow,KRK,barcelona,BCN,1682,165,318.89
krakow,KRK,copenhagen,CPH,782,90,236.37
krakow,KRK,stockholm,ARN,1072,119,309.25
krakow,KRK,tilburg,EIN,1025,115,286.06
krakow,KRK,paris,BVA,1272,135,374.47
krakow,KRK,rome,CIA,1075,120,276.22
krakow,KRK,brussels,CRL,1092,120,321.05
krakow,KRK,berlin,BER,507,70,233.0
krakow,KRK,athens,ATH,1388,135,300.34
krakow,KRK,dusseldorf,DUS,929,105,248.27
krakow,KRK,milan,MXP,964,115,312.42
krakow,KRK,rome,FCO,1089,130,298.78
krakow,KRK,malaga,AGP,2448,230,377.41
krakow,KRK,gothenburg,GOT,977,110,275.51
krakow,KRK,valencia,VLC,1978,190,338.55
krakow,KRK,riga,RIX,810,95,242.9
krakow,KRK,brussels,BRU,1088,115,266.7
krakow,KRK,madrid,MAD,2106,213,369.99
krakow,KRK,marseille,MRS,1331,145,310.69
krakow,KRK,dortmund,DTM,872,110,260.88
krakow,KRK,prague,PRG,395,70,222.39
krakow,KRK,stuttgart,STR,784,100,250.09
krakow,KRK,luxembourg,LUX,976,135,279.53
krakow,KRK,vilnius,VNO,630,80,222.9
krakow,KRK,toulouse,TLS,1571,165,309.97
krakow,KRK,turin,TRN,1060,120,274.66
krakow,KRK,lisbon,LIS,2600,250,393.52
krakow,KRK,lyon,LYS,1199,135,299.24
krakow,KRK,naples,NAP,1107,120,265.79
krakow,KRK,sevilla,SVQ,2481,230,378.69
leipzig,LEJ,frankfurt,FRA,299,60,216.38
leipzig,LEJ,vienna,VIE,482,95,261.76
leipzig,LEJ,munich,MUC,342,60,244.03
leipzig,LEJ,dusseldorf,DUS,380,60,208.6
leipzig,LEJ,bucharest,OTP,1280,135,299.22
milan,LIN,rome,FCO,472,70,233.72
milan,LIN,paris,CDG,642,95,259.41
milan,LIN,frankfurt,FRA,512,80,225.99
milan,LIN,amsterdam,AMS,830,115,262.48
milan,LIN,naples,NAP,651,80,220.73
milan,LIN,brussels,BRU,701,95,241.64
milan,LIN,paris,ORY,638,90,241.91
milan,LIN,madrid,MAD,1182,143,294.93
milan,LIN,berlin,BER,827,100,257.94
milan,LIN,munich,MUC,374,70,243.64
milan,LIN,dusseldorf,DUS,673,90,228.21
milan,LIN,stuttgart,STR,359,65,210.03
milan,LIN,stockholm,ARN,1681,160,345.19
milan,LIN,hamburg,HAM,910,105,249.05
milan,LIN,helsinki,HEL,1950,180,335.14
milan,LIN,barcelona,BCN,743,105,253.83
milan,LIN,luxembourg,LUX,517,75,214.47
lisbon,LIS,madrid,MAD,514,80,229.44
lisbon,LIS,paris,ORY,1439,145,294.42
lisbon,LIS,barcelona,BCN,995,110,256.34
lisbon,LIS,amsterdam,AMS,1848,180,324.99
lisbon,LIS,milan,MXP,1653,160,349.87
lisbon,LIS,frankfurt,FRA,1877,185,328.5
lisbon,LIS,rome,FCO,1843,175,336.23
lisbon,LIS,brussels,BRU,1718,165,309.15
lisbon,LIS,paris,CDG,1471,155,316.91
lisbon,LIS,munich,MUC,1987,185,356.15
lisbon,LIS,lyon,LYS,1400,140,296.69
lisbon,LIS,sevilla,SVQ,320,65,206.14
lisbon,LIS,luxembourg,LUX,1714,165,301.98
lisbon,LIS,marseille,MRS,1310,135,293.14
lisbon,LIS,malaga,AGP,470,75,214.86
lisbon,LIS,dusseldorf,DUS,1863,175,310.72
lisbon,LIS,berlin,BER,2307,205,360.44
lisbon,LIS,toulouse,TLS,1031,110,247.42
lisbon,LIS,valencia,VLC,752,90,231.0
lisbon,LIS,copenhagen,CPH,2475,220,358.81
lisbon,LIS,hamburg,HAM,2201,200,341.56
lisbon,LIS,vienna,VIE,2309,205,358.87
lisbon,LIS,athens,ATH,2876,235,392.79
lisbon,LIS,milan,BGY,1727,165,360.98
lisbon,LIS,brussels,CRL,1682,160,353.5
lisbon,LIS,prague,PRG,2233,200,344.83
lisbon,LIS,bordeaux,BOD,970,110,252.51
lisbon,LIS,tilburg,EIN,1807,175,338.5
lisbon,LIS,naples,NAP,2012,185,323.24
lisbon,LIS,stockholm,ARN,3003,255,437.7
lisbon,LIS,budapest,BUD,2485,215,368.68
lisbon,LIS,paris,BVA,1486,150,381.92
lisbon,LIS,cologne,CGN,1852,175,323.26
lisbon,LIS,warsaw,WAW,2754,240,378.57
lisbon,LIS,helsinki,HEL,3370,275,427.65
lisbon,LIS,rotterdam,RTM,1803,165,299.77
lisbon,LIS,stuttgart,STR,1834,175,317.53
lisbon,LIS,sofia,SOF,2765,235,373.52
lisbon,LIS,bucharest,OTP,2977,255,406.33
lisbon,LIS,riga,RIX,3143,260,400.34
lisbon,LIS,poznan,POZ,2507,220,358.69
lisbon,LIS,vilnius,VNO,3119,270,405.34
lisbon,LIS,krakow,KRK,2600,230,373.52
ljubljana,LJU,frankfurt,FRA,609,85,251.05
ljubljana,LJU,munich,MUC,310,55,248.7
ljubljana,LJU,warsaw,WAW,812,95,256.12
ljubljana,LJU,brussels,BRU,899,105,271.7
ljubljana,LJU,paris,CDG,944,120,304.47
ljubljana,LJU,amsterdam,AMS,975,125,292.54
ljubljana,LJU,helsinki,HEL,1712,160,335.2
ljubljana,LJU,paris,ORY,951,120,291.97
ljubljana,LJU,copenhagen,CPH,1053,115,276.37
ljubljana,LJU,athens,ATH,1208,115,295.34
ljubljana,LJU,luxembourg,LUX,722,115,274.53
ljubljana,LJU,riga,RIX,1357,135,297.89
ljubljana,LJU,madrid,MAD,1589,155,326.99
luxembourg,LUX,frankfurt,FRA,176,50,194.51
luxembourg,LUX,munich,MUC,432,65,237.16
luxembourg,LUX,amsterdam,AMS,314,70,215.99
luxembourg,LUX,lisbon,LIS,1714,175,311.98
luxembourg,LUX,paris,CDG,273,60,222.92
luxembourg,LUX,milan,MXP,483,75,265.87
luxembourg,LUX,vienna,VIE,777,110,264.88
luxembourg,LUX,berlin,BER,595,90,246.45
luxembourg,LUX,barcelona,BCN,980,115,262.35
luxembourg,LUX,rome,FCO,989,110,272.24
luxembourg,LUX,madrid,MAD,1272,150,300.44
luxembourg,LUX,copenhagen,CPH,796,110,249.82
luxembourg,LUX,warsaw,WAW,1074,110,249.58
luxembourg,LUX,hamburg,HAM,516,80,222.56
luxembourg,LUX,malaga,AGP,1678,165,305.87
luxembourg,LUX,milan,BGY,512,75,271.99
luxembourg,LUX,budapest,BUD,993,130,284.69
luxembourg,LUX,prague,PRG,581,85,230.84
luxembourg,LUX,bucharest,OTP,1603,140,292.34
luxembourg,LUX,stockholm,ARN,1343,165,348.7
luxembourg,LUX,athens,ATH,1921,170,328.8
luxembourg,LUX,marseille,MRS,692,95,254.15
luxembourg,LUX,toulouse,TLS,762,100,238.43
luxembourg,LUX,bordeaux,BOD,746,115,258.52
luxembourg,LUX,sevilla,SVQ,1668,165,307.14
luxembourg,LUX,milan,LIN,517,75,214.47
luxembourg,LUX,naples,NAP,1159,130,269.25
luxembourg,LUX,ljubljana,LJU,722,110,269.53
luxembourg,LUX,krakow,KRK,976,135,279.53
luxembourg,LUX,valencia,VLC,1244,165,307.01
luxembourg,LUX,genoa,GOA,613,100,238.78
luxembourg,LUX,rotterdam,RTM,286,65,200.78
lyon,LYS,paris,CDG,411,70,252.64
lyon,LYS,bordeaux,BOD,464,70,233.23
lyon,LYS,lisbon,LIS,1400,155,311.69
lyon,LYS,amsterdam,AMS,732,100,265.71
lyon,LYS,toulouse,TLS,374,65,223.14
lyon,LYS,frankfurt,FRA,547,90,254.22
lyon,LYS,madrid,MAD,911,115,285.16
lyon,LYS,munich,MUC,587,80,271.87
lyon,LYS,rome,FCO,723,90,271.95
lyon,LYS,barcelona,BCN,547,80,247.06
lyon,LYS,marseille,MRS,253,55,233.86
lyon,LYS,brussels,BRU,577,85,249.87
lyon,LYS,athens,ATH,1783,165,343.51
lyon,LYS,milan,MXP,283,60,270.59
lyon,LYS,vienna,VIE,913,100,274.59
lyon,LYS,naples,NAP,919,110,268.96
lyon,LYS,malaga,AGP,1284,140,300.58
lyon,LYS,dusseldorf,DUS,630,85,241.44
lyon,LYS,prague,PRG,841,105,270.56
lyon,LYS,valencia,VLC,828,105,266.72
lyon,LYS,hamburg,HAM,948,115,277.28
lyon,LYS,budapest,BUD,1101,115,289.4
lyon,LYS,copenhagen,CPH,1223,135,294.54
lyon,LYS,gothenburg,GOT,1417,205,383.68
lyon,LYS,krakow,KRK,1199,130,294.24
lyon,LYS,bucharest,OTP,1651,160,332.05
lyon,LYS,sevilla,SVQ,1296,140,301.86
lyon,LYS,berlin,BER,960,115,291.17
lyon,LYS,stockholm,ARN,1769,165,368.42
lyon,LYS,warsaw,WAW,1362,145,304.29
madrid,MAD,lisbon,LIS,514,80,229.44
madrid,MAD,barcelona,BCN,483,75,234.81
madrid,MAD,rome,FCO,1333,145,319.7
madrid,MAD,paris,ORY,1028,120,282.89
madrid,MAD,paris,CDG,1062,125,300.38
madrid,MAD,amsterdam,AMS,1459,155,313.45
madrid,MAD,frankfurt,FRA,1423,155,311.96
madrid,MAD,brussels,BRU,1313,145,302.62
madrid,MAD,munich,MUC,1498,155,339.62
madrid,MAD,milan,MXP,1149,130,333.33
madrid,MAD,malaga,AGP,431,75,228.33
madrid,MAD,athens,ATH,2383,215,386.26
madrid,MAD,valencia,VLC,286,60,214.47
madrid,MAD,vienna,VIE,1808,180,347.34
madrid,MAD,berlin,BER,1852,185,353.91
madrid,MAD,sevilla,SVQ,396,70,224.6
madrid,MAD,dusseldorf,DUS,1439,155,304.19
madrid,MAD,marseille,MRS,798,105,276.61
madrid,MAD,lyon,LYS,911,110,280.16
madrid,MAD,milan,LIN,1182,130,281.93
madrid,MAD,toulouse,TLS,537,80,230.88
madrid,MAD,prague,PRG,1752,175,333.3
madrid,MAD,budapest,BUD,1978,190,357.15
madrid,MAD,naples,NAP,1507,150,301.71
madrid,MAD,hamburg,HAM,1781,175,330.02
madrid,MAD,bordeaux,BOD,536,85,240.98
madrid,MAD,warsaw,WAW,2274,215,367.04
madrid,MAD,copenhagen,CPH,2061,200,352.28
madrid,MAD,bucharest,OTP,2462,233,397.8
madrid,MAD,sofia,SOF,2253,205,356.98
madrid,MAD,milan,BGY,1221,135,344.45
madrid,MAD,stockholm,ARN,2603,235,431.16
madrid,MAD,luxembourg,LUX,1272,140,290.44
madrid,MAD,turin,TRN,1053,125,285.57
madrid,MAD,helsinki,HEL,2950,250,416.11
madrid,MAD,bucharest,BBU,2463,235,387.38
madrid,MAD,zagreb,ZAG,1694,165,322.97
madrid,MAD,brussels,CRL,1271,140,346.96
madrid,MAD,paris,BVA,1091,130,375.38
madrid,MAD,krakow,KRK,2106,200,356.99
madrid,MAD,riga,RIX,2695,245,398.81
madrid,MAD,tilburg,EIN,1400,155,331.97
madrid,MAD,ljubljana,LJU,1589,160,331.99
marseille,MRS,paris,CDG,651,95,279.09
marseille,MRS,paris,ORY,627,85,256.59
marseille,MRS,bordeaux,BOD,498,70,234.68
marseille,MRS,madrid,MAD,798,105,276.61
marseille,MRS,amsterdam,AMS,986,130,297.16
marseille,MRS,toulouse,TLS,311,60,219.59
marseille,MRS,lisbon,LIS,1310,145,303.14
marseille,MRS,munich,MUC,746,95,288.32
marseille,MRS,frankfurt,FRA,777,105,270.67
marseille,MRS,lyon,LYS,253,55,233.86
marseille,MRS,brussels,CRL,782,100,315.67
marseille,MRS,brussels,BRU,830,105,271.32
marseille,MRS,rome,FCO,604,85,268.4
marseille,MRS,milan,MXP,368,75,287.04
marseille,MRS,malaga,AGP,1117,120,282.03
marseille,MRS,barcelona,BCN,351,70,238.51
marseille,MRS,athens,ATH,1692,160,339.96
marseille,MRS,vienna,VIE,1022,110,286.04
marseille,MRS,valencia,VLC,646,85,248.17
marseille,MRS,berlin,BER,1167,130,307.62
marseille,MRS,naples,NAP,800,95,255.41
marseille,MRS,milan,BGY,432,70,288.15
marseille,MRS,krakow,KRK,1331,135,300.69
marseille,MRS,prague,PRG,1011,115,282.01
marseille,MRS,dusseldorf,DUS,878,100,257.89
marseille,MRS,sevilla,SVQ,1154,125,288.31
marseille,MRS,budapest,BUD,1182,120,295.85
marseille,MRS,copenhagen,CPH,1456,160,320.99
marseille,MRS,luxembourg,LUX,692,90,249.15
marseille,MRS,tilburg,EIN,891,115,300.67
marseille,MRS,zagreb,ZAG,896,105,271.68
marseille,MRS,bucharest,OTP,1672,155,328.5
marseille,MRS,stockholm,ARN,1999,190,394.87
munich,MUC,hamburg,HAM,600,75,251.73
munich,MUC,dusseldorf,DUS,486,70,240.9
munich,MUC,frankfurt,FRA,300,60,238.68
munich,MUC,amsterdam,AMS,665,95,275.17
munich,MUC,berlin,BER,462,65,255.62
munich,MUC,paris,CDG,682,95,292.09
munich,MUC,madrid,MAD,1498,165,349.62
munich,MUC,cologne,CGN,438,65,248.44
munich,MUC,barcelona,BCN,1095,125,306.52
munich,MUC,athens,ATH,1518,145,337.97
munich,MUC,rome,FCO,729,90,286.41
munich,MUC,brussels,BRU,598,80,259.33
munich,MUC,copenhagen,CPH,811,95,268.99
munich,MUC,warsaw,WAW,779,95,268.75
munich,MUC,vienna,VIE,355,65,254.05
munich,MUC,hannover,HAJ,480,65,243.76
munich,MUC,stockholm,ARN,1318,130,347.87
munich,MUC,milan,MXP,382,65,290.04
munich,MUC,lisbon,LIS,1987,200,371.15
munich,MUC,stuttgart,STR,195,45,222.71
munich,MUC,bremen,BRE,564,70,237.56
munich,MUC,helsinki,HEL,1577,150,337.82
munich,MUC,naples,NAP,853,100,273.42
munich,MUC,luxembourg,LUX,432,65,237.16
munich,MUC,budapest,BUD,567,75,263.86
munich,MUC,dresden,DRS,339,55,230.86
munich,MUC,zagreb,ZAG,435,65,244.68
munich,MUC,krakow,KRK,613,80,258.7
munich,MUC,lyon,LYS,587,75,266.87
munich,MUC,marseille,MRS,746,100,293.32
munich,MUC,prague,PRG,265,50,230.01
munich,MUC,turin,TRN,472,75,257.29
munich,MUC,bucharest,OTP,1173,120,306.51
munich,MUC,sofia,SOF,1103,110,283.69
munich,MUC,toulouse,TLS,961,105,277.6
munich,MUC,gothenburg,GOT,1037,110,303.14
munich,MUC,poznan,POZ,576,70,243.87
munich,MUC,malaga,AGP,1856,180,355.04
munich,MUC,genoa,GOA,492,70,242.95
munich,MUC,milan,LIN,374,60,233.64
munich,MUC,ljubljana,LJU,310,50,243.7
munich,MUC,riga,RIX,1257,125,300.52
munich,MUC,tallinn,TLL,1493,140,308.85
munich,MUC,dortmund,DTM,462,75,253.51
munich,MUC,leipzig,LEJ,342,60,244.03
munich,MUC,sevilla,SVQ,1879,180,356.31
munich,MUC,valencia,VLC,1389,145,321.18
munich,MUC,vilnius,VNO,1166,120,290.52
munich,MUC,bordeaux,BOD,1032,115,292.69
milan,MXP,barcelona,BCN,720,100,300.24
milan,MXP,paris,CDG,596,90,305.81
milan,MXP,madrid,MAD,1149,140,343.33
milan,MXP,lisbon,LIS,1653,175,364.87
milan,MXP,amsterdam,AMS,797,115,313.88
milan,MXP,naples,NAP,694,90,282.14
milan,MXP,athens,ATH,1523,150,361.69
milan,MXP,vienna,VIE,659,90,297.77
milan,MXP,frankfurt,FRA,491,80,277.39
milan,MXP,copenhagen,CPH,1146,125,317.71
milan,MXP,munich,MUC,382,70,295.04
milan,MXP,budapest,BUD,833,100,307.58
milan,MXP,prague,PRG,648,90,288.73
milan,MXP,malaga,AGP,1485,160,353.76
milan,MXP,paris,ORY,591,90,293.32
milan,MXP,dusseldorf,DUS,644,95,284.62
milan,MXP,luxembourg,LUX,483,80,270.87
milan,MXP,warsaw,WAW,1153,130,322.47
milan,MXP,helsinki,HEL,1954,185,391.54
milan,MXP,brussels,BRU,664,90,288.05
milan,MXP,paris,BVA,654,105,390.81
milan,MXP,rome,FCO,512,80,295.13
milan,MXP,lyon,LYS,283,60,270.59
milan,MXP,marseille,MRS,368,75,287.04
milan,MXP,stuttgart,STR,342,65,261.43
milan,MXP,valencia,VLC,1015,120,314.9
milan,MXP,hamburg,HAM,895,105,300.45
milan,MXP,berlin,BER,826,105,314.34
milan,MXP,stockholm,ARN,1676,160,396.59
milan,MXP,cologne,CGN,595,85,287.16
milan,MXP,bucharest,OTP,1369,135,340.23
milan,MXP,riga,RIX,1639,160,354.24
milan,MXP,tallinn,TLL,1872,180,367.57
milan,MXP,vilnius,VNO,1545,155,344.24
milan,MXP,bordeaux,BOD,744,95,291.41
milan,MXP,krakow,KRK,964,115,312.42
milan,MXP,sevilla,SVQ,1518,160,355.03
milan,MXP,sofia,SOF,1218,115,307.41
milan,MXP,toulouse,TLS,622,90,281.31
milan,MXP,bratislava,BTS,706,80,274.14
naples,NAP,milan,LIN,651,80,220.73
naples,NAP,milan,MXP,694,95,287.14
naples,NAP,paris,CDG,1289,145,309.19
naples,NAP,munich,MUC,853,105,278.42
naples,NAP,rome,FCO,198,55,218.5
naples,NAP,paris,ORY,1281,140,291.69
naples,NAP,barcelona,BCN,1026,120,268.61
naples,NAP,vienna,VIE,823,100,256.15
naples,NAP,milan,BGY,648,90,288.26
naples,NAP,frankfurt,FRA,1111,130,275.77
naples,NAP,amsterdam,AMS,1461,165,312.26
naples,NAP,turin,TRN,722,95,244.38
naples,NAP,athens,ATH,893,100,260.06
naples,NAP,madrid,MAD,1507,165,316.71
naples,NAP,bucharest,OTP,1047,125,278.6
naples,NAP,budapest,BUD,828,100,255.95
naples,NAP,berlin,BER,1277,140,297.72
naples,NAP,lisbon,LIS,2012,200,338.24
naples,NAP,copenhagen,CPH,1643,160,301.09
naples,NAP,brussels,CRL,1308,140,335.77
naples,NAP,lyon,LYS,919,110,268.96
naples,NAP,brussels,BRU,1345,145,291.42
naples,NAP,dusseldorf,DUS,1291,140,277.99
naples,NAP,stuttgart,STR,956,110,254.81
naples,NAP,genoa,GOA,593,85,225.05
naples,NAP,prague,PRG,1024,120,267.11
naples,NAP,sofia,SOF,783,100,240.79
naples,NAP,marseille,MRS,800,105,265.41
naples,NAP,bordeaux,BOD,1299,140,284.78
naples,NAP,helsinki,HEL,2283,200,354.92
naples,NAP,malaga,AGP,1693,170,312.13
naples,NAP,cologne,CGN,1240,135,285.54
naples,NAP,hamburg,HAM,1452,150,293.83
naples,NAP,valencia,VLC,1265,140,283.27
naples,NAP,warsaw,WAW,1353,145,285.84
naples,NAP,tilburg,EIN,1359,148,313.78
naples,NAP,paris,BVA,1347,150,384.19
naples,NAP,hannover,HAJ,1333,140,285.86
naples,NAP,nuremberg,NUE,989,115,251.97
naples,NAP,riga,RIX,1915,175,317.62
naples,NAP,zagreb,ZAG,557,80,226.78
naples,NAP,krakow,KRK,1107,125,270.79
naples,NAP,luxembourg,LUX,1159,140,279.25
naples,NAP,sevilla,SVQ,1782,175,318.41
naples,NAP,toulouse,TLS,1107,125,264.69
naples,NAP,stockholm,ARN,2102,195,379.97
dusseldorf,NRN,malaga,AGP,1859,180,401.68
dusseldorf,NRN,milan,BGY,709,100,377.8
dusseldorf,NRN,zagreb,ZAG,977,105,331.32
dusseldorf,NRN,copenhagen,CPH,620,85,305.63
dusseldorf,NRN,sevilla,SVQ,1838,180,402.95
nuremberg,NUE,frankfurt,FRA,190,50,192.23
nuremberg,NUE,amsterdam,AMS,543,80,223.72
nuremberg,NUE,paris,CDG,621,95,255.65
nuremberg,NUE,barcelona,BCN,1149,135,280.07
nuremberg,NUE,malaga,AGP,1898,185,323.59
nuremberg,NUE,budapest,BUD,646,80,232.41
nuremberg,NUE,vilnius,VNO,1126,115,249.08
nuremberg,NUE,rome,FCO,860,105,264.96
nuremberg,NUE,sevilla,SVQ,1911,180,319.87
nuremberg,NUE,naples,NAP,989,115,251.97
nuremberg,NUE,athens,ATH,1645,150,306.52
nuremberg,NUE,valencia,VLC,1438,150,289.73
nuremberg,NUE,bucharest,OTP,1261,130,280.06
nuremberg,NUE,sofia,SOF,1215,120,257.25
nuremberg,NUE,hamburg,HAM,466,65,205.29
stockholm,NYO,warsaw,WAW,779,95,359.46
stockholm,NYO,bucharest,OTP,1699,165,442.22
stockholm,NYO,malaga,AGP,2907,250,515.75
paris,ORY,toulouse,TLS,571,75,225.87
paris,ORY,lisbon,LIS,1439,150,299.42
paris,ORY,madrid,MAD,1028,125,287.89
paris,ORY,rome,FCO,1092,125,299.68
paris,ORY,barcelona,BCN,825,100,259.79
paris,ORY,malaga,AGP,1450,155,308.31
paris,ORY,milan,LIN,638,85,236.91
paris,ORY,marseille,MRS,627,80,251.59
paris,ORY,berlin,BER,886,110,278.89
paris,ORY,naples,NAP,1281,135,286.69
paris,ORY,valencia,VLC,1050,115,269.45
paris,ORY,milan,MXP,591,93,296.32
paris,ORY,athens,ATH,2109,195,366.24
paris,ORY,sevilla,SVQ,1422,150,304.59
paris,ORY,prague,PRG,876,105,263.28
paris,ORY,budapest,BUD,1264,130,297.13
paris,ORY,vienna,VIE,1051,120,287.32
paris,ORY,warsaw,WAW,1372,130,282.02
paris,ORY,copenhagen,CPH,1039,130,282.26
paris,ORY,stockholm,ARN,1576,160,356.15
paris,ORY,genoa,GOA,690,95,246.23
paris,ORY,ljubljana,LJU,951,105,276.97
paris,ORY,tallinn,TLL,1874,180,327.12
paris,ORY,turin,TRN,562,85,245.56
bucharest,OTP,vienna,VIE,830,100,269.23
bucharest,OTP,amsterdam,AMS,1786,180,340.35
bucharest,OTP,milan,BGY,1292,145,356.34
bucharest,OTP,paris,CDG,1853,195,372.27
bucharest,OTP,frankfurt,FRA,1452,160,318.86
bucharest,OTP,athens,ATH,758,100,273.15
bucharest,OTP,warsaw,WAW,925,110,263.93
bucharest,OTP,rome,FCO,1164,140,316.59
bucharest,OTP,brussels,CRL,1747,175,383.86
bucharest,OTP,munich,MUC,1173,125,311.51
bucharest,OTP,budapest,BUD,616,110,279.04
bucharest,OTP,paris,BVA,1892,195,442.28
bucharest,OTP,madrid,MAD,2462,250,414.8
bucharest,OTP,barcelona,BCN,1984,200,361.7
bucharest,OTP,rome,CIA,1137,125,289.03
bucharest,OTP,naples,NAP,1047,120,273.6
bucharest,OTP,dortmund,DTM,1572,165,323.69
bucharest,OTP,malaga,AGP,2712,245,400.22
bucharest,OTP,copenhagen,CPH,1555,175,329.17
bucharest,OTP,tilburg,EIN,1714,180,358.86
bucharest,OTP,prague,PRG,1082,115,275.2
bucharest,OTP,brussels,BRU,1757,170,329.51
bucharest,OTP,berlin,BER,1267,135,305.81
bucharest,OTP,dusseldorf,DUS,1617,160,311.08
bucharest,OTP,milan,MXP,1369,150,355.23
bucharest,OTP,sofia,SOF,299,75,228.88
bucharest,OTP,valencia,VLC,2258,230,386.36
bucharest,OTP,luxembourg,LUX,1603,160,312.34
bucharest,OTP,riga,RIX,1381,150,305.7
bucharest,OTP,hamburg,HAM,1540,160,316.92
bucharest,OTP,lisbon,LIS,2977,285,436.33
bucharest,OTP,stockholm,NYO,1699,175,452.22
bucharest,OTP,stuttgart,STR,1368,140,297.9
bucharest,OTP,turin,TRN,1454,160,322.47
bucharest,OTP,zaragoza,ZAZ,2217,220,378.99
bucharest,OTP,leipzig,LEJ,1280,140,304.22
bucharest,OTP,stockholm,ARN,1765,175,373.06
bucharest,OTP,marseille,MRS,1672,180,353.5
bucharest,OTP,genoa,GOA,1367,145,298.14
bucharest,OTP,lyon,LYS,1651,175,347.05
bucharest,OTP,nuremberg,NUE,1261,140,290.06
bucharest,OTP,sevilla,SVQ,2785,270,426.5
poznan,POZ,warsaw,WAW,284,55,196.29
poznan,POZ,frankfurt,FRA,633,85,231.22
poznan,POZ,munich,MUC,576,75,248.87
poznan,POZ,milan,BGY,912,110,308.7
poznan,POZ,amsterdam,AMS,821,105,252.71
poznan,POZ,copenhagen,CPH,450,70,211.53
poznan,POZ,paris,BVA,1083,130,364.64
poznan,POZ,stockholm,ARN,808,95,280.42
poznan,POZ,rome,CIA,1222,125,276.39
poznan,POZ,brussels,CRL,886,110,306.22
poznan,POZ,prague,PRG,312,60,207.55
poznan,POZ,malaga,AGP,2416,210,352.58
poznan,POZ,lisbon,LIS,2507,245,383.69
prague,PRG,amsterdam,AMS,707,95,248.85
prague,PRG,paris,CDG,854,110,280.78
prague,PRG,warsaw,WAW,522,75,222.44
prague,PRG,frankfurt,FRA,407,70,222.36
prague,PRG,rome,FCO,936,115,285.1
prague,PRG,barcelona,BCN,1359,150,305.2
prague,PRG,milan,MXP,648,90,288.73
prague,PRG,copenhagen,CPH,624,80,227.68
prague,PRG,vienna,VIE,277,55,217.74
prague,PRG,munich,MUC,265,55,235.01
prague,PRG,helsinki,HEL,1321,130,291.51
prague,PRG,madrid,MAD,1752,190,348.3
prague,PRG,brussels,BRU,699,90,243.01
prague,PRG,malaga,AGP,2118,205,353.73
prague,PRG,milan,BGY,600,85,289.85
prague,PRG,stockholm,ARN,1087,115,306.56
prague,PRG,athens,ATH,1556,150,316.66
prague,PRG,dusseldorf,DUS,545,75,219.58
prague,PRG,lisbon,LIS,2233,215,359.83
prague,PRG,paris,ORY,876,115,273.28
prague,PRG,riga,RIX,993,105,254.21
prague,PRG,budapest,BUD,472,130,292.55
prague,PRG,brussels,CRL,699,90,292.36
prague,PRG,bucharest,OTP,1082,110,270.2
prague,PRG,valencia,VLC,1652,165,314.86
prague,PRG,lyon,LYS,841,115,280.56
prague,PRG,naples,NAP,1024,115,262.11
prague,PRG,luxembourg,LUX,581,85,230.84
prague,PRG,marseille,MRS,1011,120,287.01
prague,PRG,sofia,SOF,1082,110,257.38
prague,PRG,paris,BVA,877,110,350.78
prague,PRG,tallinn,TLL,1235,130,272.53
prague,PRG,krakow,KRK,395,70,222.39
prague,PRG,poznan,POZ,312,60,207.55
prague,PRG,tilburg,EIN,643,85,257.37
prague,PRG,gothenburg,GOT,851,100,266.82
prague,PRG,sevilla,SVQ,2137,210,360.0
prague,PRG,turin,TRN,738,95,250.97
prague,PRG,bordeaux,BOD,1268,135,286.38
prague,PRG,cologne,CGN,513,75,232.13
prague,PRG,vilnius,VNO,902,115,259.21
prague,PRG,rome,CIA,932,110,267.53
warsaw,RDO,rome,FCO,1266,150,445.04
riga,RIX,helsinki,HEL,382,70,227.02
riga,RIX,stockholm,ARN,466,70,257.07
riga,RIX,tallinn,TLL,281,50,188.04
riga,RIX,vilnius,VNO,266,50,189.72
riga,RIX,frankfurt,FRA,1272,140,287.87
riga,RIX,copenhagen,CPH,715,90,233.19
riga,RIX,amsterdam,AMS,1337,145,294.36
riga,RIX,vienna,VIE,1099,125,283.25
riga,RIX,berlin,BER,843,105,264.82
riga,RIX,warsaw,WAW,563,80,222.95
riga,RIX,munich,MUC,1257,130,305.52
riga,RIX,paris,CDG,1676,170,336.29
riga,RIX,brussels,BRU,1439,145,293.52
riga,RIX,prague,PRG,993,115,264.21
riga,RIX,barcelona,BCN,2340,220,370.71
riga,RIX,hamburg,HAM,958,110,255.93
riga,RIX,dusseldorf,DUS,1284,130,270.09
riga,RIX,rome,FCO,1879,185,350.6
riga,RIX,gothenburg,GOT,708,95,257.33
riga,RIX,milan,MXP,1639,165,359.24
riga,RIX,malaga,AGP,3085,280,424.24
riga,RIX,athens,ATH,2110,195,357.17
riga,RIX,krakow,KRK,810,105,252.9
riga,RIX,bucharest,OTP,1381,150,305.7
riga,RIX,milan,BGY,1593,170,370.36
riga,RIX,rome,CIA,1868,185,338.04
riga,RIX,lisbon,LIS,3143,280,420.34
riga,RIX,madrid,MAD,2695,250,403.81
riga,RIX,sofia,SOF,1583,155,297.89
riga,RIX,budapest,BUD,1103,115,273.05
riga,RIX,paris,BVA,1670,175,411.29
riga,RIX,naples,NAP,1915,185,327.62
riga,RIX,valencia,VLC,2628,240,385.37
riga,RIX,ljubljana,LJU,1357,135,297.89
riga,RIX,cologne,CGN,1291,135,287.64
riga,RIX,brussels,CRL,1469,160,357.87
rotterdam,RTM,malaga,AGP,1837,170,308.67
rotterdam,RTM,barcelona,BCN,1196,120,265.14
rotterdam,RTM,lisbon,LIS,1803,175,309.77
rotterdam,RTM,rome,FCO,1274,130,290.03
rotterdam,RTM,valencia,VLC,1435,135,274.8
rotterdam,RTM,milan,BGY,798,90,284.79
rotterdam,RTM,luxembourg,LUX,286,65,200.78
sofia,SOF,vienna,VIE,806,95,251.42
sofia,SOF,frankfurt,FRA,1400,150,296.04
sofia,SOF,milan,BGY,1143,120,318.53
sofia,SOF,munich,MUC,1103,120,293.69
sofia,SOF,athens,ATH,529,75,235.34
sofia,SOF,barcelona,BCN,1769,180,328.89
sofia,SOF,rome,FCO,926,115,278.78
sofia,SOF,warsaw,WAW,1070,120,261.12
sofia,SOF,tilburg,EIN,1673,175,341.05
sofia,SOF,madrid,MAD,2253,225,376.98
sofia,SOF,brussels,CRL,1683,175,371.04
sofia,SOF,berlin,BER,1306,135,292.99
sofia,SOF,copenhagen,CPH,1635,175,316.36
sofia,SOF,amsterdam,AMS,1757,170,317.53
sofia,SOF,paris,CDG,1757,180,344.46
sofia,SOF,dortmund,DTM,1544,175,320.88
sofia,SOF,valencia,VLC,2031,195,338.55
sofia,SOF,malaga,AGP,2472,245,387.41
sofia,SOF,rome,CIA,898,105,256.21
sofia,SOF,naples,NAP,783,100,240.79
sofia,SOF,budapest,BUD,620,85,241.23
sofia,SOF,paris,BVA,1803,185,419.46
sofia,SOF,bucharest,OTP,299,65,218.88
sofia,SOF,cologne,CGN,1536,165,315.81
sofia,SOF,lisbon,LIS,2765,270,408.52
sofia,SOF,milan,MXP,1218,130,322.41
sofia,SOF,prague,PRG,1082,120,267.38
sofia,SOF,riga,RIX,1583,150,292.89
sofia,SOF,bratislava,BTS,778,90,232.79
sofia,SOF,hamburg,HAM,1567,160,304.1
sofia,SOF,helsinki,HEL,1964,160,315.19
sofia,SOF,nuremberg,NUE,1215,135,272.25
sofia,SOF,zagreb,ZAG,677,90,237.05
sofia,SOF,brussels,BRU,1701,160,306.7
stuttgart,STR,berlin,BER,510,70,232.01
stuttgart,STR,hamburg,HAM,552,70,218.12
stuttgart,STR,vienna,VIE,549,75,235.44
stuttgart,STR,munich,MUC,195,50,227.71
stuttgart,STR,amsterdam,AMS,510,85,236.55
stuttgart,STR,frankfurt,FRA,157,50,200.06
stuttgart,STR,barcelona,BCN,993,115,267.9
stuttgart,STR,budapest,BUD,762,90,250.25
stuttgart,STR,paris,CDG,487,90,258.48
stuttgart,STR,milan,LIN,359,65,210.03
stuttgart,STR,copenhagen,CPH,807,90,235.38
stuttgart,STR,rome,FCO,802,100,267.8
stuttgart,STR,milan,MXP,342,65,261.43
stuttgart,STR,naples,NAP,956,110,254.81
stuttgart,STR,warsaw,WAW,920,100,245.14
stuttgart,STR,athens,ATH,1685,155,319.36
stuttgart,STR,lisbon,LIS,1834,190,332.53
stuttgart,STR,valencia,VLC,1280,130,277.56
stuttgart,STR,malaga,AGP,1737,175,321.43
stuttgart,STR,bremen,BRE,486,65,203.94
stuttgart,STR,zagreb,ZAG,615,80,231.07
stuttgart,STR,stockholm,ARN,1344,135,324.26
stuttgart,STR,bucharest,OTP,1368,130,287.9
stuttgart,STR,krakow,KRK,784,90,240.09
stuttgart,STR,bordeaux,BOD,868,105,254.08
sevilla,SVQ,barcelona,BCN,810,100,251.51
sevilla,SVQ,valencia,VLC,526,70,216.17
sevilla,SVQ,madrid,MAD,396,65,219.6
sevilla,SVQ,lisbon,LIS,320,60,201.14
sevilla,SVQ,paris,CDG,1456,150,317.08
sevilla,SVQ,paris,ORY,1422,150,304.59
sevilla,SVQ,amsterdam,AMS,1851,175,325.15
sevilla,SVQ,rome,FCO,1628,165,331.4
sevilla,SVQ,brussels,BRU,1708,160,309.31
sevilla,SVQ,munich,MUC,1879,175,351.31
sevilla,SVQ,brussels,CRL,1666,160,358.66
sevilla,SVQ,tilburg,EIN,1795,170,338.67
sevilla,SVQ,frankfurt,FRA,1817,180,328.66
sevilla,SVQ,vienna,VIE,2176,185,344.04
sevilla,SVQ,paris,BVA,1484,150,387.08
sevilla,SVQ,rome,CIA,1656,155,308.83
sevilla,SVQ,milan,MXP,1518,153,348.03
sevilla,SVQ,bucharest,BBU,2784,245,389.08
sevilla,SVQ,warsaw,WAW,2658,230,373.74
sevilla,SVQ,milan,BGY,1586,155,356.15
sevilla,SVQ,marseille,MRS,1154,125,288.31
sevilla,SVQ,toulouse,TLS,923,105,247.58
sevilla,SVQ,bucharest,OTP,2785,245,401.5
sevilla,SVQ,budapest,BUD,2335,205,363.85
sevilla,SVQ,dusseldorf,NRN,1838,175,397.95
sevilla,SVQ,nuremberg,NUE,1911,178,317.87
sevilla,SVQ,luxembourg,LUX,1668,160,302.14
sevilla,SVQ,athens,ATH,2622,205,367.96
sevilla,SVQ,bordeaux,BOD,930,105,252.68
sevilla,SVQ,cologne,CGN,1816,170,323.43
sevilla,SVQ,krakow,KRK,2481,220,368.69
sevilla,SVQ,lyon,LYS,1296,135,296.86
sevilla,SVQ,naples,NAP,1782,163,306.41
sevilla,SVQ,prague,PRG,2137,198,348.0
sevilla,SVQ,turin,TRN,1421,145,297.27
sevilla,SVQ,stockholm,ARN,2998,255,442.86
sevilla,SVQ,copenhagen,CPH,2457,210,353.98
tallinn,TLL,helsinki,HEL,100,30,180.34
tallinn,TLL,stockholm,ARN,389,60,240.39
tallinn,TLL,riga,RIX,281,50,188.04
tallinn,TLL,warsaw,WAW,841,100,236.27
tallinn,TLL,frankfurt,FRA,1468,150,291.2
tallinn,TLL,munich,MUC,1493,145,313.85
tallinn,TLL,berlin,BER,1053,115,268.14
tallinn,TLL,copenhagen,CPH,839,95,231.51
tallinn,TLL,vilnius,VNO,532,70,203.04
tallinn,TLL,amsterdam,AMS,1474,150,292.69
tallinn,TLL,milan,MXP,1872,190,377.57
tallinn,TLL,milan,BGY,1832,180,373.68
tallinn,TLL,brussels,BRU,1594,160,301.85
tallinn,TLL,paris,CDG,1841,180,339.61
tallinn,TLL,prague,PRG,1235,130,272.53
tallinn,TLL,malaga,AGP,3287,290,427.56
tallinn,TLL,vienna,VIE,1367,143,294.57
tallinn,TLL,rome,CIA,2133,195,341.37
tallinn,TLL,athens,ATH,2389,220,375.49
tallinn,TLL,barcelona,BCN,2556,235,379.04
tallinn,TLL,paris,ORY,1874,185,332.12
toulouse,TLS,paris,ORY,571,80,230.87
toulouse,TLS,paris,CDG,604,90,253.36
toulouse,TLS,lyon,LYS,374,60,218.14
toulouse,TLS,amsterdam,AMS,997,115,261.44
toulouse,TLS,madrid,MAD,537,85,235.88
toulouse,TLS,frankfurt,FRA,899,110,254.95
toulouse,TLS,marseille,MRS,311,60,219.59
toulouse,TLS,lisbon,LIS,1031,125,262.42
toulouse,TLS,munich,MUC,961,105,277.6
toulouse,TLS,brussels,BRU,841,105,250.6
toulouse,TLS,brussels,CRL,794,105,299.95
toulouse,TLS,milan,BGY,697,90,287.43
toulouse,TLS,rome,FCO,913,105,267.68
toulouse,TLS,athens,ATH,2000,180,339.24
toulouse,TLS,milan,MXP,622,85,276.31
toulouse,TLS,sevilla,SVQ,923,110,252.58
toulouse,TLS,malaga,AGP,919,110,251.31
toulouse,TLS,berlin,BER,1324,145,301.89
toulouse,TLS,naples,NAP,1107,120,259.69
toulouse,TLS,valencia,VLC,484,75,217.45
toulouse,TLS,copenhagen,CPH,1559,145,285.26
toulouse,TLS,krakow,KRK,1571,155,299.97
toulouse,TLS,luxembourg,LUX,762,100,238.43
toulouse,TLS,hannover,HAJ,1159,130,275.03
toulouse,TLS,budapest,BUD,1455,150,305.13
turin,TRN,rome,FCO,530,75,247.37
turin,TRN,paris,CDG,572,90,263.05
turin,TRN,munich,MUC,472,70,252.29
turin,TRN,naples,NAP,722,90,239.38
turin,TRN,frankfurt,FRA,544,80,234.64
turin,TRN,amsterdam,AMS,819,115,271.12
turin,TRN,barcelona,BCN,625,90,247.48
turin,TRN,madrid,MAD,1053,138,298.57
turin,TRN,brussels,CRL,632,85,289.64
turin,TRN,valencia,VLC,920,110,262.14
turin,TRN,bucharest,OTP,1454,145,307.47
turin,TRN,paris,BVA,632,95,338.05
turin,TRN,krakow,KRK,1060,115,269.66
turin,TRN,prague,PRG,738,90,245.97
turin,TRN,vilnius,VNO,1637,155,301.48
turin,TRN,malaga,AGP,1389,150,301.0
turin,TRN,stockholm,ARN,1749,165,358.83
turin,TRN,copenhagen,CPH,1213,130,279.95
turin,TRN,sevilla,SVQ,1421,150,302.27
turin,TRN,paris,ORY,562,85,245.56
turin,TRN,warsaw,WAW,1248,130,279.71
vienna,VIE,frankfurt,FRA,621,90,251.4
vienna,VIE,berlin,BER,520,75,248.35
vienna,VIE,amsterdam,AMS,960,115,277.89
vienna,VIE,paris,CDG,1036,125,304.82
vienna,VIE,brussels,BRU,926,105,267.05
vienna,VIE,dusseldorf,DUS,788,95,248.62
vienna,VIE,hamburg,HAM,766,95,254.46
vienna,VIE,warsaw,WAW,549,75,231.48
vienna,VIE,milan,MXP,659,85,292.77
vienna,VIE,barcelona,BCN,1371,145,309.24
vienna,VIE,munich,MUC,355,60,249.05
vienna,VIE,rome,FCO,780,100,279.13
vienna,VIE,bucharest,OTP,830,95,264.23
vienna,VIE,copenhagen,CPH,877,105,261.72
vienna,VIE,athens,ATH,1279,130,305.7
vienna,VIE,sofia,SOF,806,90,246.42
vienna,VIE,stuttgart,STR,549,75,235.44
vienna,VIE,cologne,CGN,748,95,261.17
vienna,VIE,stockholm,ARN,1286,135,335.6
vienna,VIE,madrid,MAD,1808,190,357.34
vienna,VIE,hannover,HAJ,686,90,251.49
vienna,VIE,naples,NAP,823,95,251.15
vienna,VIE,malaga,AGP,2137,205,362.77
vienna,VIE,budapest,BUD,216,55,226.58
vienna,VIE,krakow,KRK,320,65,226.43
vienna,VIE,prague,PRG,277,50,212.74
vienna,VIE,zagreb,ZAG,268,50,212.41
vienna,VIE,helsinki,HEL,1461,145,315.55
vienna,VIE,milan,BGY,589,80,293.89
vienna,VIE,luxembourg,LUX,777,105,259.88
vienna,VIE,riga,RIX,1099,125,283.25
vienna,VIE,lisbon,LIS,2309,220,373.87
vienna,VIE,leipzig,LEJ,482,95,261.76
vienna,VIE,valencia,VLC,1666,160,318.9
vienna,VIE,vilnius,VNO,944,105,258.25
vienna,VIE,paris,BVA,1070,120,369.82
vienna,VIE,lyon,LYS,913,110,284.59
vienna,VIE,brussels,CRL,917,110,321.4
vienna,VIE,marseille,MRS,1022,120,296.04
vienna,VIE,sevilla,SVQ,2176,205,364.04
vienna,VIE,gothenburg,GOT,1100,115,290.86
vienna,VIE,paris,ORY,1051,130,297.32
vienna,VIE,bremen,BRE,776,95,245.28
vienna,VIE,tallinn,TLL,1367,145,296.57
vienna,VIE,tilburg,EIN,884,115,296.41
valencia,VLC,amsterdam,AMS,1480,160,310.02
valencia,VLC,madrid,MAD,286,55,209.47
valencia,VLC,rome,FCO,1105,120,286.26
valencia,VLC,sevilla,SVQ,526,75,221.17
valencia,VLC,paris,ORY,1050,125,279.45
valencia,VLC,malaga,AGP,470,75,219.89
valencia,VLC,paris,CDG,1084,135,301.94
valencia,VLC,lisbon,LIS,752,100,241.0
valencia,VLC,tilburg,EIN,1405,150,318.53
valencia,VLC,frankfurt,FRA,1372,150,298.53
valencia,VLC,milan,BGY,1079,120,321.01
valencia,VLC,brussels,BRU,1325,145,294.18
valencia,VLC,vienna,VIE,1666,160,318.9
valencia,VLC,berlin,BER,1788,175,335.47
valencia,VLC,milan,MXP,1015,120,314.9
valencia,VLC,budapest,BUD,1817,170,328.71
valencia,VLC,brussels,CRL,1278,140,338.53
valencia,VLC,cologne,CGN,1397,155,308.29
valencia,VLC,dusseldorf,DUS,1425,145,285.75
valencia,VLC,munich,MUC,1389,150,326.18
valencia,VLC,prague,PRG,1652,160,309.86
valencia,VLC,sofia,SOF,2031,185,328.55
valencia,VLC,barcelona,BCN,295,65,216.37
valencia,VLC,marseille,MRS,646,85,248.17
valencia,VLC,krakow,KRK,1978,185,333.55
valencia,VLC,bucharest,OTP,2258,210,366.36
valencia,VLC,stuttgart,STR,1280,145,292.56
valencia,VLC,warsaw,WAW,2167,205,348.6
valencia,VLC,hamburg,HAM,1760,170,316.59
valencia,VLC,rotterdam,RTM,1435,145,284.8
valencia,VLC,turin,TRN,920,110,262.14
valencia,VLC,lyon,LYS,828,105,266.72
valencia,VLC,paris,BVA,1126,130,366.95
valencia,VLC,naples,NAP,1265,130,273.27
valencia,VLC,stockholm,ARN,2587,235,422.73
valencia,VLC,luxembourg,LUX,1244,165,307.01
valencia,VLC,nuremberg,NUE,1438,145,284.73
valencia,VLC,riga,RIX,2628,230,375.37
valencia,VLC,bordeaux,BOD,593,85,232.54
valencia,VLC,athens,ATH,2124,180,342.82
valencia,VLC,copenhagen,CPH,2040,185,328.84
valencia,VLC,toulouse,TLS,484,75,217.45
valencia,VLC,vilnius,VNO,2555,220,360.37
vilnius,VNO,warsaw,WAW,397,65,202.95
vilnius,VNO,helsinki,HEL,632,105,257.02
vilnius,VNO,riga,RIX,266,50,189.72
vilnius,VNO,stockholm,ARN,712,85,267.07
vilnius,VNO,copenhagen,CPH,811,90,228.19
vilnius,VNO,frankfurt,FRA,1243,140,282.87
vilnius,VNO,rome,FCO,1719,175,335.61
vilnius,VNO,berlin,BER,820,100,254.82
vilnius,VNO,vienna,VIE,944,110,263.25
vilnius,VNO,barcelona,BCN,2261,215,360.71
vilnius,VNO,tallinn,TLL,532,70,203.04
vilnius,VNO,amsterdam,AMS,1381,150,294.36
vilnius,VNO,milan,BGY,1489,150,345.36
vilnius,VNO,tilburg,EIN,1374,145,307.88
vilnius,VNO,munich,MUC,1166,125,295.52
vilnius,VNO,milan,MXP,1545,165,354.24
vilnius,VNO,paris,BVA,1681,170,401.29
vilnius,VNO,paris,CDG,1677,175,336.29
vilnius,VNO,athens,ATH,1859,170,327.17
vilnius,VNO,brussels,BRU,1457,150,293.52
vilnius,VNO,malaga,AGP,3020,280,419.24
vilnius,VNO,rome,CIA,1705,170,318.04
vilnius,VNO,nuremberg,NUE,1126,125,259.08
vilnius,VNO,turin,TRN,1637,170,316.48
vilnius,VNO,dortmund,DTM,1230,135,277.71
vilnius,VNO,krakow,KRK,630,80,222.9
vilnius,VNO,hamburg,HAM,1002,125,265.93
vilnius,VNO,lisbon,LIS,3119,285,420.34
vilnius,VNO,prague,PRG,902,105,249.21
vilnius,VNO,valencia,VLC,2555,230,370.37
vilnius,VNO,dusseldorf,DUS,1294,135,270.09
stockholm,VST,malaga,AGP,2964,255,516.23
warsaw,WAW,amsterdam,AMS,1105,135,282.59
warsaw,WAW,paris,CDG,1346,150,314.52
warsaw,WAW,frankfurt,FRA,898,120,266.1
warsaw,WAW,copenhagen,CPH,668,95,236.42
warsaw,WAW,vienna,VIE,549,85,241.48
warsaw,WAW,munich,MUC,779,100,273.75
warsaw,WAW,krakow,KRK,247,55,201.12
warsaw,WAW,budapest,BUD,541,80,236.28
warsaw,WAW,vilnius,VNO,397,65,202.95
warsaw,WAW,prague,PRG,522,80,227.44
warsaw,WAW,brussels,BRU,1150,135,281.75
warsaw,WAW,bucharest,OTP,925,110,263.93
warsaw,WAW,poznan,POZ,284,60,201.29
warsaw,WAW,athens,ATH,1598,160,320.39
warsaw,WAW,rome,FCO,1328,150,313.83
warsaw,WAW,helsinki,HEL,939,100,255.25
warsaw,WAW,tallinn,TLL,841,105,241.27
warsaw,WAW,stockholm,ARN,853,110,295.3
warsaw,WAW,barcelona,BCN,1872,190,338.94
warsaw,WAW,dusseldorf,DUS,985,120,258.32
warsaw,WAW,berlin,BER,510,80,238.05
warsaw,WAW,hamburg,HAM,754,100,244.16
warsaw,WAW,madrid,MAD,2274,235,387.04
warsaw,WAW,milan,MXP,1153,135,327.47
warsaw,WAW,riga,RIX,563,85,227.95
warsaw,WAW,sofia,SOF,1070,120,261.12
warsaw,WAW,zagreb,ZAG,800,100,247.11
warsaw,WAW,milan,BGY,1096,130,328.59
warsaw,WAW,brussels,CRL,1164,130,326.1
warsaw,WAW,lisbon,LIS,2754,265,403.57
warsaw,WAW,ljubljana,LJU,812,100,261.12
warsaw,WAW,luxembourg,LUX,1074,125,264.58
warsaw,WAW,stuttgart,STR,920,115,260.14
warsaw,WAW,gothenburg,GOT,825,105,265.56
warsaw,WAW,tilburg,EIN,1075,125,291.11
warsaw,WAW,paris,ORY,1372,160,312.02
warsaw,WAW,malaga,AGP,2635,250,392.46
warsaw,WAW,stockholm,NYO,779,100,364.46
warsaw,WAW,valencia,VLC,2167,210,353.6
warsaw,WAW,sevilla,SVQ,2658,250,393.74
warsaw,WAW,naples,NAP,1353,145,285.84
warsaw,WAW,turin,TRN,1248,155,304.71
warsaw,WAW,lyon,LYS,1362,140,299.29
zagreb,ZAG,frankfurt,FRA,736,95,247.03
zagreb,ZAG,munich,MUC,435,65,244.68
zagreb,ZAG,amsterdam,AMS,1101,130,283.52
zagreb,ZAG,paris,CDG,1080,125,295.45
zagreb,ZAG,vienna,VIE,268,55,217.41
zagreb,ZAG,brussels,BRU,1031,135,287.69
zagreb,ZAG,warsaw,WAW,800,95,242.11
zagreb,ZAG,copenhagen,CPH,1126,115,262.35
zagreb,ZAG,brussels,CRL,1010,115,317.03
zagreb,ZAG,madrid,MAD,1694,175,332.97
zagreb,ZAG,milan,BGY,495,80,284.52
zagreb,ZAG,rome,FCO,534,80,249.77
zagreb,ZAG,cologne,CGN,874,100,256.8
zagreb,ZAG,stuttgart,STR,615,80,231.07
zagreb,ZAG,malaga,AGP,1987,200,348.4
zagreb,ZAG,paris,BVA,1125,135,375.45
zagreb,ZAG,dusseldorf,NRN,977,120,346.32
zagreb,ZAG,stockholm,ARN,1553,130,321.23
zagreb,ZAG,athens,ATH,1084,110,276.33
zagreb,ZAG,barcelona,BCN,1231,125,279.88
zagreb,ZAG,berlin,BER,760,90,253.98
zagreb,ZAG,gothenburg,GOT,1352,145,311.49
zagreb,ZAG,sofia,SOF,677,80,227.05
zagreb,ZAG,marseille,MRS,896,115,281.68
zagreb,ZAG,dusseldorf,DUS,921,105,249.26
zagreb,ZAG,tilburg,EIN,1010,125,297.04
zagreb,ZAG,naples,NAP,557,85,231.78
zaragoza,ZAZ,milan,BGY,970,110,313.64
zaragoza,ZAZ,bucharest,OTP,2217,205,363.99
zaragoza,ZAZ,paris,BVA,899,105,344.58
zaragoza,ZAZ,brussels,CRL,1064,120,321.16
